-- Generated by Craft v2.6.2968 on Apr 12, 2017, 10:34:55 PM.

--
-- Disable foreign key checks and autocommit.
--

SET FOREIGN_KEY_CHECKS = 0;
SET SQL_MODE = "NO_AUTO_VALUE_ON_ZERO";
SET AUTOCOMMIT = 0;
SET NAMES utf8;


DROP TABLE IF EXISTS `craft_assetfiles`;


--
-- Schema for table `craft_assetfiles`
--
CREATE TABLE `craft_assetfiles` (
  `id` int(11) NOT NULL,
  `sourceId` int(11) DEFAULT NULL,
  `folderId` int(11) NOT NULL,
  `filename` varchar(255) COLLATE utf8_unicode_ci NOT NULL,
  `kind` varchar(50) COLLATE utf8_unicode_ci NOT NULL DEFAULT 'unknown',
  `width` int(11) unsigned DEFAULT NULL,
  `height` int(11) unsigned DEFAULT NULL,
  `size` bigint(20) unsigned DEFAULT NULL,
  `dateModified` datetime DEFAULT NULL,
  `dateCreated` datetime NOT NULL,
  `dateUpdated` datetime NOT NULL,
  `uid` char(36) COLLATE utf8_unicode_ci NOT NULL DEFAULT '0',
  PRIMARY KEY (`id`),
  UNIQUE KEY `craft_assetfiles_filename_folderId_unq_idx` (`filename`,`folderId`),
  KEY `craft_assetfiles_sourceId_fk` (`sourceId`),
  KEY `craft_assetfiles_folderId_fk` (`folderId`)
) ENGINE=InnoDB DEFAULT CHARSET=utf8 COLLATE=utf8_unicode_ci;

--
-- Data for table `craft_assetfiles`
--

INSERT INTO `craft_assetfiles` (`id`, `sourceId`, `folderId`, `filename`, `kind`, `width`, `height`, `size`, `dateModified`, `dateCreated`, `dateUpdated`, `uid`) VALUES
 ('5', '1', '1', 'psy-logo.svg', 'image', '630', '630', '3111', '2017-02-28 16:41:52', '2017-02-28 16:47:36', '2017-03-15 15:00:19', '3870d06d-0cc4-4fdd-ac00-10dbc6e298ba'),
 ('8', '2', '2', 'cleaning-up-tree-limbs.jpg', 'image', '2000', '1000', '296331', '2017-02-28 16:41:38', '2017-02-28 16:47:37', '2017-03-15 15:00:21', 'e9a63909-811b-4679-a308-ac386ce68779'),
 ('9', '2', '2', 'girl-scriptures-flowers.jpg', 'image', '2000', '1000', '316700', '2017-02-28 16:41:38', '2017-02-28 16:47:37', '2017-03-15 15:00:21', '222d29e1-ae1c-4ce9-9753-1a83f7d6403e'),
 ('10', '2', '2', 'girls-camp-antelope-island-beach-woman-young-women.jpg', 'image', '2000', '1000', '189879', '2017-02-28 16:41:39', '2017-02-28 16:47:37', '2017-03-15 15:00:21', '75a4657e-05d6-4490-af6f-9438ad4ca989'),
 ('11', '2', '2', 'handcart-pioneer-trek-reenactment.jpg', 'image', '2000', '1000', '393528', '2017-02-28 16:41:40', '2017-02-28 16:47:37', '2017-03-15 15:00:22', '99fe3b43-7c5c-4897-bc34-23a9ab7fe310'),
 ('12', '2', '2', 'peru-youth-church-activity.jpg', 'image', '2000', '1000', '115257', '2017-02-28 16:41:41', '2017-02-28 16:47:37', '2017-03-15 15:00:23', '431ba178-bb05-49b1-8b97-df25361291f1'),
 ('13', '2', '2', 'pioneer-trek.jpg', 'image', '2000', '1000', '252269', '2017-02-28 16:41:41', '2017-02-28 16:47:37', '2017-03-15 15:00:23', '8229e973-285b-40cb-bd8c-7f90c0180526'),
 ('14', '2', '2', 'seatlle-temple-lds.jpg', 'image', '2000', '1000', '450016', '2017-02-28 16:41:42', '2017-02-28 16:47:37', '2017-03-15 15:00:23', 'ca19cf44-2cde-41f4-b5cb-1fbec4056351'),
 ('15', '2', '2', 'seattle-temple-lds.jpg', 'image', '2000', '1000', '145793', '2017-02-28 16:41:43', '2017-02-28 16:47:37', '2017-03-15 15:00:23', '01f3cb2c-0ff0-4601-94c1-b9a5db28333d'),
 ('16', '2', '2', 'seminary-class.jpg', 'image', '2000', '1000', '176544', '2017-02-28 16:41:44', '2017-02-28 16:47:37', '2017-03-15 15:00:23', 'c61f89ed-ba0d-47ef-b91c-69f503b85a79'),
 ('17', '2', '2', 'teenager-prayer.jpg', 'image', '2000', '1004', '169342', '2017-02-28 16:41:44', '2017-02-28 16:47:38', '2017-03-15 15:00:24', '4be691f2-2363-4b0a-ab8f-8acb87920250'),
 ('18', '2', '2', 'young-adults-studying-scriptures.jpg', 'image', '2000', '1000', '174789', '2017-02-28 16:41:45', '2017-02-28 16:47:38', '2017-03-15 15:00:24', 'a9d15bdb-488d-4931-a1b5-70a3afd658e5'),
 ('19', '2', '2', 'young-woman-praying.jpg', 'image', '2000', '1020', '105333', '2017-02-28 16:41:46', '2017-02-28 16:47:38', '2017-03-15 15:00:24', '31fa6e84-de70-40ef-a7e4-fd71835a3000'),
 ('20', '2', '2', 'young-women-australia.jpg', 'image', '2000', '1000', '354520', '2017-02-28 16:41:47', '2017-02-28 16:47:38', '2017-03-15 15:00:25', '6ab07930-714f-41ea-b6c2-bf6f82e0df21'),
 ('21', '2', '2', 'youth-playing-basketball.jpg', 'image', '2000', '1000', '173469', '2017-02-28 16:41:47', '2017-02-28 16:47:38', '2017-03-15 15:00:27', '62346a0b-43b7-445e-b89f-9d96e5aaffd1'),
 ('37', '3', '3', '2017-Youth-Theme-Banner.jpg', 'image', '1708', '878', '353074', '2017-03-10 00:00:11', '2017-03-10 00:00:11', '2017-03-15 15:00:29', '70a538bf-b903-4261-bd23-f468f5d83143'),
 ('39', '4', '4', 'stake_dance_poster.jpg', 'image', '1650', '1275', '410434', '2017-03-12 18:54:17', '2017-03-12 18:54:17', '2017-03-15 15:00:31', '38fce3eb-ca10-4184-a276-ff28c132c46b'),
 ('40', '4', '4', 'youth_got_talent.jpg', 'image', '1650', '1275', '255715', '2017-03-12 18:59:36', '2017-03-12 18:59:36', '2017-03-15 15:00:31', '0434a245-0c95-4e4a-8fb4-b9c8c5a430d6'),
 ('44', '3', '3', 'meme-holland-hope-journey.jpg', 'image', '2000', '794', '194051', '2017-02-28 16:41:52', '2017-03-15 15:00:29', '2017-03-15 15:00:29', 'b4d73920-15a6-48ad-9f77-99d10ef282fa'),
 ('47', '4', '4', 'finalpromcorrectqr.jpg', 'image', '1280', '720', '376778', '2017-03-24 14:06:16', '2017-03-24 14:06:16', '2017-03-24 14:06:16', '656c432c-a473-44c5-857e-338023c5f3d0');



DROP TABLE IF EXISTS `craft_assetfolders`;


--
-- Schema for table `craft_assetfolders`
--
CREATE TABLE `craft_assetfolders` (
  `id` int(11) NOT NULL AUTO_INCREMENT,
  `parentId` int(11) DEFAULT NULL,
  `sourceId` int(11) DEFAULT NULL,
  `name` varchar(255) COLLATE utf8_unicode_ci NOT NULL,
  `path` varchar(255) COLLATE utf8_unicode_ci DEFAULT NULL,
  `dateCreated` datetime NOT NULL,
  `dateUpdated` datetime NOT NULL,
  `uid` char(36) COLLATE utf8_unicode_ci NOT NULL DEFAULT '0',
  PRIMARY KEY (`id`),
  UNIQUE KEY `craft_assetfolders_name_parentId_sourceId_unq_idx` (`name`,`parentId`,`sourceId`),
  KEY `craft_assetfolders_parentId_fk` (`parentId`),
  KEY `craft_assetfolders_sourceId_fk` (`sourceId`)
) ENGINE=InnoDB AUTO_INCREMENT=5 DEFAULT CHARSET=utf8 COLLATE=utf8_unicode_ci;

--
-- Data for table `craft_assetfolders`
--

INSERT INTO `craft_assetfolders` (`id`, `parentId`, `sourceId`, `name`, `path`, `dateCreated`, `dateUpdated`, `uid`) VALUES
 ('1', NULL, '1', 'Site Images', '', '2017-02-28 16:44:59', '2017-02-28 16:44:59', '2a016361-2dd7-4e3b-b1de-4a5120449430'),
 ('2', NULL, '2', 'Home Slides', '', '2017-02-28 16:45:43', '2017-02-28 16:45:43', '6831ced7-d081-4649-8461-d7e6dca4788e'),
 ('3', NULL, '3', 'Page Images', '', '2017-03-09 23:59:48', '2017-03-09 23:59:48', '8138b487-ef7b-447d-be22-0762fda49f99'),
 ('4', NULL, '4', 'Uploads', '', '2017-03-12 18:49:07', '2017-03-12 18:49:07', 'c75a1723-b01f-4464-94c5-404724c268a4');



DROP TABLE IF EXISTS `craft_assetindexdata`;


--
-- Schema for table `craft_assetindexdata`
--
CREATE TABLE `craft_assetindexdata` (
  `id` int(11) NOT NULL AUTO_INCREMENT,
  `sessionId` varchar(36) COLLATE utf8_unicode_ci NOT NULL DEFAULT '',
  `sourceId` int(10) NOT NULL,
  `offset` int(10) NOT NULL,
  `uri` varchar(255) COLLATE utf8_unicode_ci DEFAULT NULL,
  `size` varchar(255) COLLATE utf8_unicode_ci DEFAULT NULL,
  `recordId` int(10) DEFAULT NULL,
  `dateCreated` datetime NOT NULL,
  `dateUpdated` datetime NOT NULL,
  `uid` char(36) COLLATE utf8_unicode_ci NOT NULL DEFAULT '0',
  PRIMARY KEY (`id`),
  UNIQUE KEY `craft_assetindexdata_sessionId_sourceId_offset_unq_idx` (`sessionId`,`sourceId`,`offset`),
  KEY `craft_assetindexdata_sourceId_fk` (`sourceId`)
) ENGINE=InnoDB DEFAULT CHARSET=utf8 COLLATE=utf8_unicode_ci;

DROP TABLE IF EXISTS `craft_assetsources`;


--
-- Schema for table `craft_assetsources`
--
CREATE TABLE `craft_assetsources` (
  `id` int(11) NOT NULL AUTO_INCREMENT,
  `name` varchar(255) COLLATE utf8_unicode_ci NOT NULL,
  `handle` varchar(255) COLLATE utf8_unicode_ci NOT NULL,
  `type` varchar(150) COLLATE utf8_unicode_ci NOT NULL,
  `settings` text COLLATE utf8_unicode_ci,
  `sortOrder` smallint(6) unsigned DEFAULT NULL,
  `fieldLayoutId` int(10) DEFAULT NULL,
  `dateCreated` datetime NOT NULL,
  `dateUpdated` datetime NOT NULL,
  `uid` char(36) COLLATE utf8_unicode_ci NOT NULL DEFAULT '0',
  PRIMARY KEY (`id`),
  UNIQUE KEY `craft_assetsources_name_unq_idx` (`name`),
  UNIQUE KEY `craft_assetsources_handle_unq_idx` (`handle`),
  KEY `craft_assetsources_fieldLayoutId_fk` (`fieldLayoutId`)
) ENGINE=InnoDB AUTO_INCREMENT=5 DEFAULT CHARSET=utf8 COLLATE=utf8_unicode_ci;

--
-- Data for table `craft_assetsources`
--

INSERT INTO `craft_assetsources` (`id`, `name`, `handle`, `type`, `settings`, `sortOrder`, `fieldLayoutId`, `dateCreated`, `dateUpdated`, `uid`) VALUES
 ('1', 'Site Images', 'siteImages', 'Local', '{\"path\":\"\\/home\\/puyallup\\/public_html\\/images\\/site\\/\",\"publicURLs\":\"1\",\"url\":\"http:\\/\\/puyallupstakeyouth.org\\/images\\/site\\/\"}', '1', '6', '2017-02-28 16:44:59', '2017-02-28 16:44:59', '76cf7464-1eb7-46b3-a7fb-dc8c11d5b093'),
 ('2', 'Home Slides', 'homeSlides', 'Local', '{\"path\":\"\\/home\\/puyallup\\/public_html\\/images\\/home_slides\\/\",\"publicURLs\":\"1\",\"url\":\"http:\\/\\/puyallupstakeyouth.org\\/images\\/home_slides\\/\"}', '2', '7', '2017-02-28 16:45:43', '2017-02-28 16:45:43', 'ee380813-9e0c-4dc3-81bf-1be8d3b14562'),
 ('3', 'Page Images', 'pageImages', 'Local', '{\"path\":\"\\/home\\/puyallup\\/public_html\\/images\\/page\\/\",\"publicURLs\":\"1\",\"url\":\"http:\\/\\/puyallupstakeyouth.org\\/images\\/page\\/\"}', '3', '19', '2017-03-09 23:59:48', '2017-03-09 23:59:48', '198c5f47-db05-4584-8d3d-660288b66d91'),
 ('4', 'Uploads', 'uploads', 'Local', '{\"path\":\"\\/home\\/puyallup\\/public_html\\/images\\/uploads\\/\",\"publicURLs\":\"1\",\"url\":\"http:\\/\\/puyallupstakeyouth.org\\/images\\/uploads\\/\"}', '4', '20', '2017-03-12 18:49:07', '2017-03-12 18:49:07', '83885eb8-61ba-428a-81be-f07398d7734e');



DROP TABLE IF EXISTS `craft_assettransformindex`;


--
-- Schema for table `craft_assettransformindex`
--
CREATE TABLE `craft_assettransformindex` (
  `id` int(11) NOT NULL AUTO_INCREMENT,
  `fileId` int(11) NOT NULL,
  `filename` varchar(255) COLLATE utf8_unicode_ci DEFAULT NULL,
  `format` varchar(255) COLLATE utf8_unicode_ci DEFAULT NULL,
  `location` varchar(255) COLLATE utf8_unicode_ci NOT NULL,
  `sourceId` int(11) DEFAULT NULL,
  `fileExists` tinyint(1) DEFAULT NULL,
  `inProgress` tinyint(1) DEFAULT NULL,
  `dateIndexed` datetime DEFAULT NULL,
  `dateCreated` datetime NOT NULL,
  `dateUpdated` datetime NOT NULL,
  `uid` char(36) COLLATE utf8_unicode_ci NOT NULL DEFAULT '0',
  PRIMARY KEY (`id`),
  KEY `craft_assettransformindex_sourceId_fileId_location_idx` (`sourceId`,`fileId`,`location`)
) ENGINE=InnoDB DEFAULT CHARSET=utf8 COLLATE=utf8_unicode_ci;

DROP TABLE IF EXISTS `craft_assettransforms`;


--
-- Schema for table `craft_assettransforms`
--
CREATE TABLE `craft_assettransforms` (
  `id` int(11) NOT NULL AUTO_INCREMENT,
  `name` varchar(255) COLLATE utf8_unicode_ci NOT NULL,
  `handle` varchar(255) COLLATE utf8_unicode_ci NOT NULL,
  `mode` enum('stretch','fit','crop') COLLATE utf8_unicode_ci NOT NULL DEFAULT 'crop',
  `position` enum('top-left','top-center','top-right','center-left','center-center','center-right','bottom-left','bottom-center','bottom-right') COLLATE utf8_unicode_ci NOT NULL DEFAULT 'center-center',
  `height` int(10) DEFAULT NULL,
  `width` int(10) DEFAULT NULL,
  `format` varchar(255) COLLATE utf8_unicode_ci DEFAULT NULL,
  `quality` int(10) DEFAULT NULL,
  `dimensionChangeTime` datetime DEFAULT NULL,
  `dateCreated` datetime NOT NULL,
  `dateUpdated` datetime NOT NULL,
  `uid` char(36) COLLATE utf8_unicode_ci NOT NULL DEFAULT '0',
  PRIMARY KEY (`id`),
  UNIQUE KEY `craft_assettransforms_name_unq_idx` (`name`),
  UNIQUE KEY `craft_assettransforms_handle_unq_idx` (`handle`)
) ENGINE=InnoDB DEFAULT CHARSET=utf8 COLLATE=utf8_unicode_ci;

DROP TABLE IF EXISTS `craft_categories`;


--
-- Schema for table `craft_categories`
--
CREATE TABLE `craft_categories` (
  `id` int(11) NOT NULL,
  `groupId` int(11) NOT NULL,
  `dateCreated` datetime NOT NULL,
  `dateUpdated` datetime NOT NULL,
  `uid` char(36) COLLATE utf8_unicode_ci NOT NULL DEFAULT '0',
  PRIMARY KEY (`id`),
  KEY `craft_categories_groupId_fk` (`groupId`)
) ENGINE=InnoDB DEFAULT CHARSET=utf8 COLLATE=utf8_unicode_ci;

--
-- Data for table `craft_categories`
--

INSERT INTO `craft_categories` (`id`, `groupId`, `dateCreated`, `dateUpdated`, `uid`) VALUES
 ('22', '1', '2017-03-01 15:00:43', '2017-03-01 15:00:43', '24c13e6e-5bab-498f-9238-b9ddd8b392d7'),
 ('23', '1', '2017-03-01 15:01:05', '2017-03-01 15:01:05', 'd7991ce8-4f2e-4231-823f-31e67c52c821'),
 ('24', '1', '2017-03-01 15:01:25', '2017-03-01 15:01:25', '044ce131-6c61-4971-9860-8e11dddf54e8'),
 ('25', '2', '2017-03-01 15:02:14', '2017-03-01 15:02:14', '34753de0-2008-4472-858b-eda9979d4b3f'),
 ('26', '2', '2017-03-01 15:03:02', '2017-03-01 15:03:02', 'ff4afc2b-5c24-4364-ba57-d102a838573d'),
 ('27', '2', '2017-03-01 15:03:59', '2017-03-01 15:03:59', '9da07781-0766-4dde-bb6d-e79f5d67f5d6'),
 ('28', '2', '2017-03-01 15:05:26', '2017-03-01 15:05:26', '6d439095-5628-4bec-a1d9-38fe3e38ac9c'),
 ('29', '2', '2017-03-01 15:10:32', '2017-03-01 15:10:32', '63a8054b-cee8-40a5-b40d-b6261eb17d5a'),
 ('30', '2', '2017-03-01 15:10:41', '2017-03-01 15:10:41', 'd9326e0a-72f5-4d98-ad6c-13ac631cdf27'),
 ('31', '2', '2017-03-01 15:10:53', '2017-03-01 15:10:53', 'f5add14c-f4d9-4ebc-8fb7-7bf37f992db1');



DROP TABLE IF EXISTS `craft_categorygroups`;


--
-- Schema for table `craft_categorygroups`
--
CREATE TABLE `craft_categorygroups` (
  `id` int(11) NOT NULL AUTO_INCREMENT,
  `structureId` int(11) NOT NULL,
  `fieldLayoutId` int(11) DEFAULT NULL,
  `name` varchar(255) COLLATE utf8_unicode_ci NOT NULL,
  `handle` varchar(255) COLLATE utf8_unicode_ci NOT NULL,
  `hasUrls` tinyint(1) unsigned NOT NULL DEFAULT '1',
  `template` varchar(500) COLLATE utf8_unicode_ci DEFAULT NULL,
  `dateCreated` datetime NOT NULL,
  `dateUpdated` datetime NOT NULL,
  `uid` char(36) COLLATE utf8_unicode_ci NOT NULL DEFAULT '0',
  PRIMARY KEY (`id`),
  UNIQUE KEY `craft_categorygroups_name_unq_idx` (`name`),
  UNIQUE KEY `craft_categorygroups_handle_unq_idx` (`handle`),
  KEY `craft_categorygroups_structureId_fk` (`structureId`),
  KEY `craft_categorygroups_fieldLayoutId_fk` (`fieldLayoutId`)
) ENGINE=InnoDB AUTO_INCREMENT=3 DEFAULT CHARSET=utf8 COLLATE=utf8_unicode_ci;

--
-- Data for table `craft_categorygroups`
--

INSERT INTO `craft_categorygroups` (`id`, `structureId`, `fieldLayoutId`, `name`, `handle`, `hasUrls`, `template`, `dateCreated`, `dateUpdated`, `uid`) VALUES
 ('1', '1', '11', 'Youth Groups', 'youthGroups', '0', NULL, '2017-03-01 15:00:08', '2017-03-01 15:00:08', 'a228892a-f54f-4988-95fa-187cc0b84acf'),
 ('2', '2', '12', 'Wards', 'wards', '0', NULL, '2017-03-01 15:00:22', '2017-03-01 15:00:22', '8a4abfe2-36f4-49f3-b5db-e07ef803be0e');



DROP TABLE IF EXISTS `craft_categorygroups_i18n`;


--
-- Schema for table `craft_categorygroups_i18n`
--
CREATE TABLE `craft_categorygroups_i18n` (
  `id` int(11) NOT NULL AUTO_INCREMENT,
  `groupId` int(11) NOT NULL,
  `locale` char(12) COLLATE utf8_unicode_ci NOT NULL,
  `urlFormat` text COLLATE utf8_unicode_ci,
  `nestedUrlFormat` text COLLATE utf8_unicode_ci,
  `dateCreated` datetime NOT NULL,
  `dateUpdated` datetime NOT NULL,
  `uid` char(36) COLLATE utf8_unicode_ci NOT NULL DEFAULT '0',
  PRIMARY KEY (`id`),
  UNIQUE KEY `craft_categorygroups_i18n_groupId_locale_unq_idx` (`groupId`,`locale`),
  KEY `craft_categorygroups_i18n_locale_fk` (`locale`)
) ENGINE=InnoDB AUTO_INCREMENT=3 DEFAULT CHARSET=utf8 COLLATE=utf8_unicode_ci;

--
-- Data for table `craft_categorygroups_i18n`
--

INSERT INTO `craft_categorygroups_i18n` (`id`, `groupId`, `locale`, `urlFormat`, `nestedUrlFormat`, `dateCreated`, `dateUpdated`, `uid`) VALUES
 ('1', '1', 'en_us', NULL, NULL, '2017-03-01 15:00:08', '2017-03-01 15:00:08', '7b136f02-3f9e-4357-b0ba-3f18c556e36f'),
 ('2', '2', 'en_us', NULL, NULL, '2017-03-01 15:00:22', '2017-03-01 15:00:22', 'e7da7162-1770-4de9-aee0-505f946cb3c2');



DROP TABLE IF EXISTS `craft_content`;


--
-- Schema for table `craft_content`
--
CREATE TABLE `craft_content` (
  `id` int(11) NOT NULL AUTO_INCREMENT,
  `elementId` int(11) NOT NULL,
  `locale` char(12) COLLATE utf8_unicode_ci NOT NULL,
  `title` varchar(255) COLLATE utf8_unicode_ci DEFAULT NULL,
  `field_body` text COLLATE utf8_unicode_ci,
  `field_announcementBody` text COLLATE utf8_unicode_ci,
  `field_eventDescription` text COLLATE utf8_unicode_ci,
  `field_enableRegistration` tinyint(1) unsigned NOT NULL DEFAULT '0',
  `field_eventLocation` text COLLATE utf8_unicode_ci,
  `field_eventDetails` mediumtext COLLATE utf8_unicode_ci,
  `field_registrationUrl` varchar(2000) COLLATE utf8_unicode_ci DEFAULT NULL,
  `field_youthMemberFirstName` varchar(32) COLLATE utf8_unicode_ci DEFAULT NULL,
  `field_youthMemberLastName` varchar(32) COLLATE utf8_unicode_ci DEFAULT NULL,
  `field_householdTelephone` varchar(12) COLLATE utf8_unicode_ci DEFAULT NULL,
  `field_youthMemberPin` varchar(4) COLLATE utf8_unicode_ci DEFAULT NULL,
  `field_eventShortTitle` text COLLATE utf8_unicode_ci,
  `dateCreated` datetime NOT NULL,
  `dateUpdated` datetime NOT NULL,
  `uid` char(36) COLLATE utf8_unicode_ci NOT NULL DEFAULT '0',
  PRIMARY KEY (`id`),
  UNIQUE KEY `craft_content_elementId_locale_unq_idx` (`elementId`,`locale`),
  KEY `craft_content_title_idx` (`title`),
  KEY `craft_content_locale_fk` (`locale`)
) ENGINE=InnoDB AUTO_INCREMENT=50 DEFAULT CHARSET=utf8 COLLATE=utf8_unicode_ci;

--
-- Data for table `craft_content`
--

INSERT INTO `craft_content` (`id`, `elementId`, `locale`, `title`, `field_body`, `field_announcementBody`, `field_eventDescription`, `field_enableRegistration`, `field_eventLocation`, `field_eventDetails`, `field_registrationUrl`, `field_youthMemberFirstName`, `field_youthMemberLastName`, `field_householdTelephone`, `field_youthMemberPin`, `field_eventShortTitle`, `dateCreated`, `dateUpdated`, `uid`) VALUES
 ('1', '1', 'en_us', NULL, NULL, NULL, NULL, '0', NULL, NULL, NULL, NULL, NULL, NULL, NULL, NULL, '2017-02-28 16:39:51', '2017-02-28 16:39:51', 'bcf4e137-f271-4a2b-acc8-493c593e67c6'),
 ('2', '2', 'en_us', 'Home Page', '<p>It’s true, this site doesn’t have a whole lot of content yet, but don’t worry. Our web developers have just installed the CMS, and they’re setting things up for the content editors this very moment. Soon Puyallupstakeyouth.org will be an oasis of fresh perspectives, sharp analyses, and astute opinions that will keep you coming back again and again.</p>', NULL, NULL, '0', NULL, NULL, NULL, NULL, NULL, NULL, NULL, NULL, '2017-02-28 16:39:53', '2017-03-15 15:05:12', 'b2ec6a71-a7a2-4b7f-ae54-370e9006083a'),
 ('5', '5', 'en_us', 'Psy Logo', NULL, NULL, NULL, '0', NULL, NULL, NULL, NULL, NULL, NULL, NULL, NULL, '2017-02-28 16:47:36', '2017-03-15 15:00:19', '8af8e8a1-2367-4c9b-afba-e241fc88aff6'),
 ('8', '8', 'en_us', 'Cleaning Up Tree Limbs', NULL, NULL, NULL, '0', NULL, NULL, NULL, NULL, NULL, NULL, NULL, NULL, '2017-02-28 16:47:37', '2017-03-15 15:00:21', '1e106749-8d29-4cab-849f-c0b0f43abbff'),
 ('9', '9', 'en_us', 'Girl Scriptures Flowers', NULL, NULL, NULL, '0', NULL, NULL, NULL, NULL, NULL, NULL, NULL, NULL, '2017-02-28 16:47:37', '2017-03-15 15:00:21', '32713547-1c13-4e6f-98ec-434d955d343e'),
 ('10', '10', 'en_us', 'Girls Camp Antelope Island Beach Woman Young Women', NULL, NULL, NULL, '0', NULL, NULL, NULL, NULL, NULL, NULL, NULL, NULL, '2017-02-28 16:47:37', '2017-03-15 15:00:21', '5d3eb4bc-1c3b-48bc-9af1-f880d6c89165'),
 ('11', '11', 'en_us', 'Handcart Pioneer Trek Reenactment', NULL, NULL, NULL, '0', NULL, NULL, NULL, NULL, NULL, NULL, NULL, NULL, '2017-02-28 16:47:37', '2017-03-15 15:00:22', '29cc9b45-9861-455a-bce8-b93cf2572d72'),
 ('12', '12', 'en_us', 'Peru Youth Church Activity', NULL, NULL, NULL, '0', NULL, NULL, NULL, NULL, NULL, NULL, NULL, NULL, '2017-02-28 16:47:37', '2017-03-15 15:00:23', '5d861e02-5bbc-4206-8996-816d6f386535'),
 ('13', '13', 'en_us', 'Pioneer Trek', NULL, NULL, NULL, '0', NULL, NULL, NULL, NULL, NULL, NULL, NULL, NULL, '2017-02-28 16:47:37', '2017-03-15 15:00:23', '2d3a5d19-2f98-4bf4-98a2-301d71bd8dfb'),
 ('14', '14', 'en_us', 'Seatlle Temple Lds', NULL, NULL, NULL, '0', NULL, NULL, NULL, NULL, NULL, NULL, NULL, NULL, '2017-02-28 16:47:37', '2017-03-15 15:00:23', '93aea5a9-6a52-4717-83ef-d706da1a5581'),
 ('15', '15', 'en_us', 'Seattle Temple Lds', NULL, NULL, NULL, '0', NULL, NULL, NULL, NULL, NULL, NULL, NULL, NULL, '2017-02-28 16:47:37', '2017-03-15 15:00:23', '075c784b-ae93-4e1d-aee8-f252f622f809'),
 ('16', '16', 'en_us', 'Seminary Class', NULL, NULL, NULL, '0', NULL, NULL, NULL, NULL, NULL, NULL, NULL, NULL, '2017-02-28 16:47:37', '2017-03-15 15:00:23', '1d18fcec-42a6-4c33-9e24-70b4e3fa73e4'),
 ('17', '17', 'en_us', 'Teenager Prayer', NULL, NULL, NULL, '0', NULL, NULL, NULL, NULL, NULL, NULL, NULL, NULL, '2017-02-28 16:47:38', '2017-03-15 15:00:24', '19d9b22b-0e8e-421a-81d9-ab36a2adbe6a'),
 ('18', '18', 'en_us', 'Young Adults Studying Scriptures', NULL, NULL, NULL, '0', NULL, NULL, NULL, NULL, NULL, NULL, NULL, NULL, '2017-02-28 16:47:38', '2017-03-15 15:00:24', '46f7b9e4-1d45-47ac-ab5e-aebba3d4a909'),
 ('19', '19', 'en_us', 'Young Woman Praying', NULL, NULL, NULL, '0', NULL, NULL, NULL, NULL, NULL, NULL, NULL, NULL, '2017-02-28 16:47:38', '2017-03-15 15:00:24', '23c5f35d-fcae-4a6d-b40d-aaab774b876f'),
 ('20', '20', 'en_us', 'Young Women Australia', NULL, NULL, NULL, '0', NULL, NULL, NULL, NULL, NULL, NULL, NULL, NULL, '2017-02-28 16:47:38', '2017-03-15 15:00:25', 'c4a7df68-6b18-4bee-bdad-6fd14a1b082d'),
 ('21', '21', 'en_us', 'Youth Playing Basketball', NULL, NULL, NULL, '0', NULL, NULL, NULL, NULL, NULL, NULL, NULL, NULL, '2017-02-28 16:47:38', '2017-03-15 15:00:27', '31b14a31-1f25-487d-b78d-ddc387d3fec0'),
 ('22', '22', 'en_us', 'All Youth', NULL, NULL, NULL, '0', NULL, NULL, NULL, NULL, NULL, NULL, NULL, NULL, '2017-03-01 15:00:43', '2017-03-01 15:00:43', '38c36496-0914-4b16-bf32-c96aff8b0faa'),
 ('23', '23', 'en_us', 'Young Women', NULL, NULL, NULL, '0', NULL, NULL, NULL, NULL, NULL, NULL, NULL, NULL, '2017-03-01 15:01:05', '2017-03-01 15:01:05', '3f756236-4c8f-49b9-b523-fb31f1e4808d'),
 ('24', '24', 'en_us', 'Young Men', NULL, NULL, NULL, '0', NULL, NULL, NULL, NULL, NULL, NULL, NULL, NULL, '2017-03-01 15:01:25', '2017-03-01 15:01:25', 'eb75eb2d-61de-4e7d-9394-9c55a645f749'),
 ('25', '25', 'en_us', 'Bonney Lake', NULL, NULL, NULL, '0', NULL, NULL, NULL, NULL, NULL, NULL, NULL, NULL, '2017-03-01 15:02:14', '2017-03-01 15:02:14', 'fba90a8e-2e85-49f3-96b7-0134639a4a80'),
 ('26', '26', 'en_us', 'Clarks Creek', NULL, NULL, NULL, '0', NULL, NULL, NULL, NULL, NULL, NULL, NULL, NULL, '2017-03-01 15:03:02', '2017-03-01 15:03:02', '1585db34-8bd8-4e0d-b6bc-ba178eadc12e'),
 ('27', '27', 'en_us', 'Lake Tapps', NULL, NULL, NULL, '0', NULL, NULL, NULL, NULL, NULL, NULL, NULL, NULL, '2017-03-01 15:03:59', '2017-03-01 15:03:59', '6baf5ee4-e1cb-463b-9f7b-77c54c1c8fed'),
 ('28', '28', 'en_us', 'North Tapps', NULL, NULL, NULL, '0', NULL, NULL, NULL, NULL, NULL, NULL, NULL, NULL, '2017-03-01 15:05:26', '2017-03-01 15:05:26', 'b785679e-5515-4dd2-b51d-e6cfd6f13821'),
 ('29', '29', 'en_us', 'Puyallup', NULL, NULL, NULL, '0', NULL, NULL, NULL, NULL, NULL, NULL, NULL, NULL, '2017-03-01 15:10:32', '2017-03-01 15:10:32', '24193ac5-2a5d-45ba-9a71-ee2a05713821'),
 ('30', '30', 'en_us', 'Sumner', NULL, NULL, NULL, '0', NULL, NULL, NULL, NULL, NULL, NULL, NULL, NULL, '2017-03-01 15:10:41', '2017-03-01 15:10:41', '144e2d97-e20d-4495-b426-3f0e3845a831'),
 ('31', '31', 'en_us', 'Surprise Lake', NULL, NULL, NULL, '0', NULL, NULL, NULL, NULL, NULL, NULL, NULL, NULL, '2017-03-01 15:10:53', '2017-03-01 15:10:53', '4be58098-89c1-4d7c-ba08-d2ebae882b28'),
 ('32', '32', 'en_us', 'Test User', NULL, NULL, NULL, '0', NULL, NULL, NULL, 'Test', 'User', '123 456-7890', '1234', NULL, '2017-03-08 17:12:12', '2017-03-27 19:15:01', '4e7f0914-01c3-45fd-a800-df96a95381e4'),
 ('33', '33', 'en_us', 'Youth Conference', NULL, NULL, '', '1', 'University of Puget Sound, Tacoma', '', 'https://docs.google.com/a/hammerquist.net/forms/d/e/1FAIpQLScByelnkc1ieME99oXajuWvw7mN94LGst_FvZ6xGx3Iwbj47Q/viewform?c=0&w=1', NULL, NULL, NULL, NULL, 'Youth Conference', '2017-03-08 23:36:00', '2017-03-15 15:04:07', '35a6adb7-017c-4838-a192-e7b43b5dd22e'),
 ('34', '34', 'en_us', 'Puyallup Stake YW Camp, 2017', NULL, NULL, '', '1', 'Camp Nisqually', '', 'https://docs.google.com/forms/d/e/1FAIpQLSdzcczTO1MczAGSNccn0QaVpklSvcapaUjQQcqpQVhINaoMnw/viewform?c=0&w=1&usp=mail_form_link', NULL, NULL, NULL, NULL, 'YW Camp', '2017-03-08 23:37:53', '2017-04-03 13:41:04', '117ab00f-b1c4-43b4-8fdc-bbbfbd0da8a9'),
 ('35', '35', 'en_us', 'Stake Youth Dance', NULL, NULL, 'There will be a fireside at 7pm. The dance will be held afterwards.', '0', 'Sumner Stake Center', '<p><img src=\"{asset:39:url}\" alt=\"Stake Dance Poster\" /></p>', '', NULL, NULL, NULL, NULL, NULL, '2017-03-08 23:45:58', '2017-03-12 19:19:26', 'ae20b57a-121d-4756-b540-38fe67b0a973'),
 ('36', '36', 'en_us', 'Seminary Registration', NULL, '<p>It is time to register seminary students for the 2017/2018 school year. If you have children who will be in 9th through 12th grades next school year, please go to <a href=\"https://www.lds.org/si/seminary\" target=\"_blank\" rel=\"noreferrer\">https://www.lds.org/si/seminary</a>, click on the mySeminary App, and sign in with your LDS Account username and password to register your children.</p>', NULL, '0', NULL, NULL, NULL, NULL, NULL, NULL, NULL, NULL, '2017-03-09 16:06:40', '2017-03-24 14:20:07', '7f42882f-5ddd-46d3-a787-47d7bf39d68a'),
 ('37', '37', 'en_us', '2017 Youth Theme Banner', NULL, NULL, NULL, '0', NULL, NULL, NULL, NULL, NULL, NULL, NULL, NULL, '2017-03-10 00:00:11', '2017-03-15 15:00:29', '82c4ef1d-3310-486a-b504-13dec074d534'),
 ('39', '39', 'en_us', 'Stake Dance Poster', NULL, NULL, NULL, '0', NULL, NULL, NULL, NULL, NULL, NULL, NULL, NULL, '2017-03-12 18:54:17', '2017-03-15 15:00:31', '7059d2d2-e6d6-4348-a7e2-21beb61cc48e'),
 ('40', '40', 'en_us', 'Youth Got Talent', NULL, NULL, NULL, '0', NULL, NULL, NULL, NULL, NULL, NULL, NULL, NULL, '2017-03-12 18:59:36', '2017-03-15 15:00:31', '6af11ba6-645e-431f-b287-f480665aa963'),
 ('41', '41', 'en_us', 'Stake Youth\'s Got Talent', NULL, NULL, 'Dinner at 6 followed by the Talent show! Each ward will share a 10 minute talent or skit. Bring tissues: you might laugh so hard, you’ll cry!', '0', 'Sumner Stake Center', '<img src=\"{asset:40:url}\" alt=\"Youth Got Talent\" />', '', NULL, NULL, NULL, NULL, NULL, '2017-03-12 19:00:14', '2017-03-12 19:00:14', 'a59fd734-bcfc-422a-81be-fde3cff3d8ad'),
 ('42', '42', 'en_us', 'Camp Helaman, 2017', NULL, NULL, 'For all young men who will be 16 as of July 4th, 2017.', '1', 'Ensign Ranch', '<p>See details at <a href=\"http://www.camphelamanfederalway.com\">camphelamanfederalway.com</a>.</p>', 'http://www.camphelamanfederalway.com/registration/', NULL, NULL, NULL, NULL, 'Camp Helaman', '2017-03-12 20:10:27', '2017-03-15 15:06:38', '2581adb9-c695-4360-8506-6aeaf3228fbe'),
 ('43', '43', 'en_us', 'Ashley Allison', NULL, NULL, NULL, '0', NULL, NULL, NULL, 'Ashley', 'Allison', '253 862-5223', '1212', NULL, '2017-03-13 07:33:29', '2017-03-13 07:34:40', '08e75736-d23a-4cfc-83c6-e2af4d5a2166'),
 ('44', '44', 'en_us', 'Meme Holland Hope Journey', NULL, NULL, NULL, '0', NULL, NULL, NULL, NULL, NULL, NULL, NULL, NULL, '2017-03-15 15:00:29', '2017-03-15 15:00:29', '302350b0-391d-414e-9729-1627eaf55e02'),
 ('45', '45', 'en_us', 'Braylee Conine', NULL, NULL, NULL, '0', NULL, NULL, NULL, 'Braylee', 'Conine', '253 880-2347', '0605', NULL, '2017-03-17 15:21:52', '2017-03-17 15:21:52', 'c764dc28-1b9f-4d2f-af45-c05e2b787263'),
 ('46', '46', 'en_us', 'Hannah Harrington ', NULL, NULL, NULL, '0', NULL, NULL, NULL, 'Hannah', 'Harrington ', '253 826-5117', '0509', NULL, '2017-03-19 07:00:50', '2017-03-19 07:00:50', '79cc3daa-e858-48f3-b2c8-c5df72e5855b'),
 ('47', '47', 'en_us', 'Finalpromcorrectqr', NULL, NULL, NULL, '0', NULL, NULL, NULL, NULL, NULL, NULL, NULL, NULL, '2017-03-24 14:06:16', '2017-03-24 14:06:16', '1284b729-00ab-4e8c-9ec8-287c7def6983'),
 ('48', '48', 'en_us', 'Mormon Prom, 2017', NULL, NULL, 'Join us for an Enchanted Evening. There will be a dinner and a dance.', '1', 'Puyallup and Puyallup South Stake Centers', '<p>Please register for prom before the deadline <strong>April 21st</strong>. If you have missed this deadline, please contact Sister Amber Doty, our Stake YW President for assistance.</p>\n<p>The registration website is <a href=\"http://www.GrahamWaStake.com\">www.GrahamWaStake.com</a>. Just click on the Prom Registration link. The password to register is: <strong><em>LDSYouth</em></strong> and is case sensitive.</p>\n<p>See invitation below for other details.</p>\n<p><img src=\"{asset:47:url}\" alt=\"finalpromcorrectqr.jpg#asset:47\" /><br /></p>', 'http://grahamwastake.com/multi-stake-prom/prom-registration/', NULL, NULL, NULL, NULL, 'Mormon Prom', '2017-03-24 14:08:46', '2017-04-10 14:03:13', '43845f40-cdb7-4bf0-baba-a49a40c815f2'),
 ('49', '49', 'en_us', 'Mormon Prom', NULL, '<p>Mormon Prom will be held on May 5, 2017. Please register for prom before the deadline <strong>April 21st</strong>. See the <a href=\"{entry:48:url}\">event page</a> for details, and register <a href=\"http://grahamwastake.com/multi-stake-prom/prom-registration/\">here</a>. The password to register is: <strong><em>LDSYouth</em></strong> and is case sensitive.<br /></p>', NULL, '0', NULL, NULL, NULL, NULL, NULL, NULL, NULL, NULL, '2017-03-24 14:12:56', '2017-04-10 14:03:49', '93a7edb1-073e-4618-a97e-9c904bc21b6b');



DROP TABLE IF EXISTS `craft_deprecationerrors`;


--
-- Schema for table `craft_deprecationerrors`
--
CREATE TABLE `craft_deprecationerrors` (
  `id` int(11) NOT NULL AUTO_INCREMENT,
  `key` varchar(255) COLLATE utf8_unicode_ci NOT NULL,
  `fingerprint` varchar(255) COLLATE utf8_unicode_ci NOT NULL,
  `lastOccurrence` datetime NOT NULL,
  `file` varchar(255) COLLATE utf8_unicode_ci NOT NULL,
  `line` smallint(6) unsigned NOT NULL,
  `class` varchar(255) COLLATE utf8_unicode_ci DEFAULT NULL,
  `method` varchar(255) COLLATE utf8_unicode_ci DEFAULT NULL,
  `template` varchar(255) COLLATE utf8_unicode_ci DEFAULT NULL,
  `templateLine` smallint(6) unsigned DEFAULT NULL,
  `message` varchar(255) COLLATE utf8_unicode_ci DEFAULT NULL,
  `traces` text COLLATE utf8_unicode_ci,
  `dateCreated` datetime NOT NULL,
  `dateUpdated` datetime NOT NULL,
  `uid` char(36) COLLATE utf8_unicode_ci NOT NULL DEFAULT '0',
  PRIMARY KEY (`id`),
  UNIQUE KEY `craft_deprecationerrors_key_fingerprint_unq_idx` (`key`,`fingerprint`)
) ENGINE=InnoDB DEFAULT CHARSET=utf8 COLLATE=utf8_unicode_ci;

DROP TABLE IF EXISTS `craft_elementindexsettings`;


--
-- Schema for table `craft_elementindexsettings`
--
CREATE TABLE `craft_elementindexsettings` (
  `id` int(11) NOT NULL AUTO_INCREMENT,
  `type` varchar(150) COLLATE utf8_unicode_ci NOT NULL,
  `settings` text COLLATE utf8_unicode_ci,
  `dateCreated` datetime NOT NULL,
  `dateUpdated` datetime NOT NULL,
  `uid` char(36) COLLATE utf8_unicode_ci NOT NULL DEFAULT '0',
  PRIMARY KEY (`id`),
  UNIQUE KEY `craft_elementindexsettings_type_unq_idx` (`type`)
) ENGINE=InnoDB DEFAULT CHARSET=utf8 COLLATE=utf8_unicode_ci;

DROP TABLE IF EXISTS `craft_elements`;


--
-- Schema for table `craft_elements`
--
CREATE TABLE `craft_elements` (
  `id` int(11) NOT NULL AUTO_INCREMENT,
  `type` varchar(150) COLLATE utf8_unicode_ci NOT NULL,
  `enabled` tinyint(1) unsigned NOT NULL DEFAULT '1',
  `archived` tinyint(1) unsigned NOT NULL DEFAULT '0',
  `dateCreated` datetime NOT NULL,
  `dateUpdated` datetime NOT NULL,
  `uid` char(36) COLLATE utf8_unicode_ci NOT NULL DEFAULT '0',
  PRIMARY KEY (`id`),
  KEY `craft_elements_type_idx` (`type`),
  KEY `craft_elements_enabled_idx` (`enabled`),
  KEY `craft_elements_archived_dateCreated_idx` (`archived`,`dateCreated`)
) ENGINE=InnoDB AUTO_INCREMENT=50 DEFAULT CHARSET=utf8 COLLATE=utf8_unicode_ci;

--
-- Data for table `craft_elements`
--

INSERT INTO `craft_elements` (`id`, `type`, `enabled`, `archived`, `dateCreated`, `dateUpdated`, `uid`) VALUES
 ('1', 'User', '1', '0', '2017-02-28 16:39:51', '2017-02-28 16:39:51', '18c6cb3d-cf0b-4461-aad8-086df28fbca4'),
 ('2', 'Entry', '1', '0', '2017-02-28 16:39:53', '2017-03-15 15:05:12', '3eea6d54-63e5-4ea7-946c-af2993ea51eb'),
 ('5', 'Asset', '1', '0', '2017-02-28 16:47:36', '2017-03-15 15:00:19', '463aa77b-da31-46da-a69e-389aae5d1582'),
 ('8', 'Asset', '1', '0', '2017-02-28 16:47:37', '2017-03-15 15:00:21', '800e8af7-c7cf-4c58-ae99-6b47bbd34ad6'),
 ('9', 'Asset', '1', '0', '2017-02-28 16:47:37', '2017-03-15 15:00:21', '848e8648-3459-4ac0-ad12-df8f506cf7e0'),
 ('10', 'Asset', '1', '0', '2017-02-28 16:47:37', '2017-03-15 15:00:21', '9b708b27-ac4d-40ba-8f73-a0dbac8c54ab'),
 ('11', 'Asset', '1', '0', '2017-02-28 16:47:37', '2017-03-15 15:00:22', '3ccea109-b6cb-4f68-8426-59e9fba71812'),
 ('12', 'Asset', '1', '0', '2017-02-28 16:47:37', '2017-03-15 15:00:23', 'bf486415-cdb5-480f-a602-f169b7ad1f29'),
 ('13', 'Asset', '1', '0', '2017-02-28 16:47:37', '2017-03-15 15:00:23', 'd4bfd79e-cd10-42b0-915b-f21585030199'),
 ('14', 'Asset', '1', '0', '2017-02-28 16:47:37', '2017-03-15 15:00:23', 'b678257a-f162-4649-adf7-e6d4d76fdb0b'),
 ('15', 'Asset', '1', '0', '2017-02-28 16:47:37', '2017-03-15 15:00:23', '91c5fbf9-af1f-4dc2-977b-fc2635dc1b1b'),
 ('16', 'Asset', '1', '0', '2017-02-28 16:47:37', '2017-03-15 15:00:23', '4aaca7f1-1b5d-4eb3-af42-d5bd332cacdf'),
 ('17', 'Asset', '1', '0', '2017-02-28 16:47:38', '2017-03-15 15:00:24', '561d7d54-4f21-4d3b-bd50-bff2f024b272'),
 ('18', 'Asset', '1', '0', '2017-02-28 16:47:38', '2017-03-15 15:00:24', '0ed7e520-68a7-49e6-9962-5e536a46383c'),
 ('19', 'Asset', '1', '0', '2017-02-28 16:47:38', '2017-03-15 15:00:24', 'cce5c90c-2f60-465d-9ec0-5f03a5c02fa5'),
 ('20', 'Asset', '1', '0', '2017-02-28 16:47:38', '2017-03-15 15:00:25', '6df7e349-6147-4f01-b9ef-c1796f4e8321'),
 ('21', 'Asset', '1', '0', '2017-02-28 16:47:38', '2017-03-15 15:00:27', 'dcd68c14-cedb-46e2-ae50-2850f1bc9b6c'),
 ('22', 'Category', '1', '0', '2017-03-01 15:00:43', '2017-03-01 15:00:43', '61440657-3500-472d-986e-83b23eb604bc'),
 ('23', 'Category', '1', '0', '2017-03-01 15:01:05', '2017-03-01 15:01:05', '311a9eb5-25f4-4c72-9b4f-e07e938d918d'),
 ('24', 'Category', '1', '0', '2017-03-01 15:01:25', '2017-03-01 15:01:25', 'd127abaa-4d73-4088-aa1c-cca049b65ede'),
 ('25', 'Category', '1', '0', '2017-03-01 15:02:14', '2017-03-01 15:02:14', '03a62ddf-bfab-43d1-8e9b-1f4b3cefcd81'),
 ('26', 'Category', '1', '0', '2017-03-01 15:03:02', '2017-03-01 15:03:02', 'c6ed20f3-bfb4-42db-b705-6168675d94a9'),
 ('27', 'Category', '1', '0', '2017-03-01 15:03:59', '2017-03-01 15:03:59', '54f009a1-746e-426e-87dc-8d4ec46de1c0'),
 ('28', 'Category', '1', '0', '2017-03-01 15:05:26', '2017-03-01 15:05:26', '7ab89d74-0d72-4bf3-be5b-0615f672c38a'),
 ('29', 'Category', '1', '0', '2017-03-01 15:10:32', '2017-03-01 15:10:32', 'ecd4d6fd-179d-4d53-a20f-748c10bfb5a2'),
 ('30', 'Category', '1', '0', '2017-03-01 15:10:41', '2017-03-01 15:10:41', 'a2a81e74-cb52-4941-9771-df77a161cd86'),
 ('31', 'Category', '1', '0', '2017-03-01 15:10:53', '2017-03-01 15:10:53', '8f17f2f7-6d72-4666-b5b8-2a4156d39d6b'),
 ('32', 'Entry', '1', '0', '2017-03-08 17:12:12', '2017-03-27 19:15:00', 'e42a7d04-c633-490d-9a31-5a30b086fc19'),
 ('33', 'Entry', '1', '0', '2017-03-08 23:36:00', '2017-03-15 15:04:07', '3645cf17-fd31-466e-b39c-fa4350073d12'),
 ('34', 'Entry', '1', '0', '2017-03-08 23:37:53', '2017-04-03 13:41:04', 'cdbe68b8-b605-4e47-98bb-53ee7037ee53'),
 ('35', 'Entry', '1', '0', '2017-03-08 23:45:58', '2017-03-12 19:19:26', 'cb272026-692a-41a2-9682-3724bb541dfc'),
 ('36', 'Entry', '1', '0', '2017-03-09 16:06:40', '2017-03-24 14:20:07', 'c067fae2-cdc0-4b9c-95a7-54dfdf731f91'),
 ('37', 'Asset', '1', '0', '2017-03-10 00:00:11', '2017-03-15 15:00:29', '8a221eec-f92a-4598-950c-3cf5f6494ee9'),
 ('39', 'Asset', '1', '0', '2017-03-12 18:54:17', '2017-03-15 15:00:31', 'c310ecfc-4a59-4e34-b7e8-c4d0d91f7cab'),
 ('40', 'Asset', '1', '0', '2017-03-12 18:59:36', '2017-03-15 15:00:31', '7dc53c9f-def2-479e-a8a0-5f418088d059'),
 ('41', 'Entry', '1', '0', '2017-03-12 19:00:14', '2017-03-12 19:00:14', 'c72114a9-aa8c-440b-be12-c60492638d7b'),
 ('42', 'Entry', '1', '0', '2017-03-12 20:10:26', '2017-03-15 15:06:38', 'd79b476d-150e-4c85-853f-2f2ff22957f2'),
 ('43', 'Entry', '1', '0', '2017-03-13 07:33:29', '2017-03-13 07:34:40', '894f679b-e2a3-422a-b3b3-1a3ad8ea9888'),
 ('44', 'Asset', '1', '0', '2017-03-15 15:00:29', '2017-03-15 15:00:29', '98caf14b-0bdd-4671-8d57-ae242ed4a1e0'),
 ('45', 'Entry', '1', '0', '2017-03-17 15:21:52', '2017-03-17 15:21:52', '11662cb0-6cde-41b2-b09f-923f8b51a2a9'),
 ('46', 'Entry', '1', '0', '2017-03-19 07:00:50', '2017-03-19 07:00:50', '42ede460-d20d-4af6-9e81-0af90ff29955'),
 ('47', 'Asset', '1', '0', '2017-03-24 14:06:16', '2017-03-24 14:06:16', 'f8e757ee-d29d-4121-9bf2-aa77539d6ecb'),
 ('48', 'Entry', '1', '0', '2017-03-24 14:08:46', '2017-04-10 14:03:13', '7b4adcd4-ab0c-4fb0-990f-e9ec16ecaa89'),
 ('49', 'Entry', '1', '0', '2017-03-24 14:12:56', '2017-04-10 14:03:49', 'd0c3aa31-9f08-47b9-bfe6-83df4694e602');



DROP TABLE IF EXISTS `craft_elements_i18n`;


--
-- Schema for table `craft_elements_i18n`
--
CREATE TABLE `craft_elements_i18n` (
  `id` int(11) NOT NULL AUTO_INCREMENT,
  `elementId` int(11) NOT NULL,
  `locale` char(12) COLLATE utf8_unicode_ci NOT NULL,
  `slug` varchar(255) COLLATE utf8_unicode_ci DEFAULT NULL,
  `uri` varchar(255) COLLATE utf8_unicode_ci DEFAULT NULL,
  `enabled` tinyint(1) unsigned NOT NULL DEFAULT '1',
  `dateCreated` datetime NOT NULL,
  `dateUpdated` datetime NOT NULL,
  `uid` char(36) COLLATE utf8_unicode_ci NOT NULL DEFAULT '0',
  PRIMARY KEY (`id`),
  UNIQUE KEY `craft_elements_i18n_elementId_locale_unq_idx` (`elementId`,`locale`),
  UNIQUE KEY `craft_elements_i18n_uri_locale_unq_idx` (`uri`,`locale`),
  KEY `craft_elements_i18n_slug_locale_idx` (`slug`,`locale`),
  KEY `craft_elements_i18n_enabled_idx` (`enabled`),
  KEY `craft_elements_i18n_locale_fk` (`locale`)
) ENGINE=InnoDB AUTO_INCREMENT=50 DEFAULT CHARSET=utf8 COLLATE=utf8_unicode_ci;

--
-- Data for table `craft_elements_i18n`
--

INSERT INTO `craft_elements_i18n` (`id`, `elementId`, `locale`, `slug`, `uri`, `enabled`, `dateCreated`, `dateUpdated`, `uid`) VALUES
 ('1', '1', 'en_us', '', NULL, '1', '2017-02-28 16:39:51', '2017-02-28 16:39:51', '05c678ca-62c9-4878-ac5d-93555ca19e80'),
 ('2', '2', 'en_us', 'homepage', '__home__', '1', '2017-02-28 16:39:53', '2017-03-15 15:05:12', 'b43b1cf0-177d-4a47-8c3f-66c070e572ac'),
 ('5', '5', 'en_us', 'psy-logo', NULL, '1', '2017-02-28 16:47:36', '2017-03-15 15:00:19', '7937b6f5-4513-4f7d-8d89-32c9b214f9d6'),
 ('8', '8', 'en_us', 'cleaning-up-tree-limbs', NULL, '1', '2017-02-28 16:47:37', '2017-03-15 15:00:21', '57d031df-306a-4a62-ad77-b73220a9aac1'),
 ('9', '9', 'en_us', 'girl-scriptures-flowers', NULL, '1', '2017-02-28 16:47:37', '2017-03-15 15:00:21', '056d109b-0b58-4db3-9de5-2c5686929e72'),
 ('10', '10', 'en_us', 'girls-camp-antelope-island-beach-woman-young-women', NULL, '1', '2017-02-28 16:47:37', '2017-03-15 15:00:21', 'fc355aee-c696-4754-8d45-57dc8f9564fa'),
 ('11', '11', 'en_us', 'handcart-pioneer-trek-reenactment', NULL, '1', '2017-02-28 16:47:37', '2017-03-15 15:00:22', 'efef02f3-d0e3-4167-878a-66e0e59347e8'),
 ('12', '12', 'en_us', 'peru-youth-church-activity', NULL, '1', '2017-02-28 16:47:37', '2017-03-15 15:00:23', '75525f4d-23bc-471e-b131-2262607f2c65'),
 ('13', '13', 'en_us', 'pioneer-trek', NULL, '1', '2017-02-28 16:47:37', '2017-03-15 15:00:23', '66b4681f-cbe5-4512-9217-e0d4480f2e08'),
 ('14', '14', 'en_us', 'seatlle-temple-lds', NULL, '1', '2017-02-28 16:47:37', '2017-03-15 15:00:23', '8f8c4746-a186-43da-854f-8cff679f4c1a'),
 ('15', '15', 'en_us', 'seattle-temple-lds', NULL, '1', '2017-02-28 16:47:37', '2017-03-15 15:00:23', 'b5300301-ed0c-4737-8f89-eefcb0c03a88'),
 ('16', '16', 'en_us', 'seminary-class', NULL, '1', '2017-02-28 16:47:37', '2017-03-15 15:00:23', 'a4cbd49f-54ac-4740-8467-93b643cdab13'),
 ('17', '17', 'en_us', 'teenager-prayer', NULL, '1', '2017-02-28 16:47:38', '2017-03-15 15:00:24', '631c9461-623c-4602-b701-2cfd4cc9eff5'),
 ('18', '18', 'en_us', 'young-adults-studying-scriptures', NULL, '1', '2017-02-28 16:47:38', '2017-03-15 15:00:24', 'a42bed23-d3a5-47bd-a849-5b028daf6834'),
 ('19', '19', 'en_us', 'young-woman-praying', NULL, '1', '2017-02-28 16:47:38', '2017-03-15 15:00:24', 'f4e82db1-e9d3-4f8c-a86b-f936f0ab0b6f'),
 ('20', '20', 'en_us', 'young-women-australia', NULL, '1', '2017-02-28 16:47:38', '2017-03-15 15:00:25', '474cab2d-8fc7-473b-9e58-89abf95c6ff1'),
 ('21', '21', 'en_us', 'youth-playing-basketball', NULL, '1', '2017-02-28 16:47:38', '2017-03-15 15:00:27', 'a875ffff-e3a1-4a32-9eed-68f5f6ba7427'),
 ('22', '22', 'en_us', 'all-youth', NULL, '1', '2017-03-01 15:00:43', '2017-03-01 15:00:43', 'eb25402a-1f2e-41fb-afa5-8518882daf36'),
 ('23', '23', 'en_us', 'young-women', NULL, '1', '2017-03-01 15:01:05', '2017-03-01 15:01:05', 'a64b27bc-1486-45d5-ab5f-4da7d0b60ffd'),
 ('24', '24', 'en_us', 'young-men', NULL, '1', '2017-03-01 15:01:25', '2017-03-01 15:01:49', '6db29887-d661-4ea8-b94f-5b8333707a85'),
 ('25', '25', 'en_us', 'bonney-lake', NULL, '1', '2017-03-01 15:02:14', '2017-03-01 15:02:14', 'b24e48ba-38b5-484c-a19d-8c0652e77ec2'),
 ('26', '26', 'en_us', 'clarks-creek', NULL, '1', '2017-03-01 15:03:02', '2017-03-01 15:03:02', '7dfb4216-01dd-489f-a247-e5942a93834f'),
 ('27', '27', 'en_us', 'lake-tapps', NULL, '1', '2017-03-01 15:03:59', '2017-03-01 15:03:59', '7ab683a8-a333-4c6e-8514-1bdc3207c297'),
 ('28', '28', 'en_us', 'north-tapps', NULL, '1', '2017-03-01 15:05:26', '2017-03-01 15:05:26', '5c03880f-dfd7-464a-986b-eece6f8a0af0'),
 ('29', '29', 'en_us', 'puyallup', NULL, '1', '2017-03-01 15:10:32', '2017-03-01 15:10:32', '825fc890-98dd-4095-8785-a50d4dc4a3cb'),
 ('30', '30', 'en_us', 'sumner', NULL, '1', '2017-03-01 15:10:41', '2017-03-01 15:10:41', '37c437e9-d0d1-4439-bb88-2024a9279c21'),
 ('31', '31', 'en_us', 'surprise-lake', NULL, '1', '2017-03-01 15:10:53', '2017-03-01 15:10:53', '9968f0b6-ffcf-47c7-9807-4812f24756ae'),
 ('32', '32', 'en_us', '1234567890-test-user', NULL, '1', '2017-03-08 17:12:12', '2017-03-27 19:15:01', '0072af77-92cc-4cc2-bcf5-54746b75ee18'),
 ('33', '33', 'en_us', 'youth-conference-2017', 'events/youth-conference-2017', '1', '2017-03-08 23:36:00', '2017-03-15 15:04:07', '5cd103f6-d048-454a-a8aa-632c5f0d837a'),
 ('34', '34', 'en_us', 'yw-camp-2017', 'events/yw-camp-2017', '1', '2017-03-08 23:37:53', '2017-04-03 13:41:04', 'a22e9924-e0b9-4965-b866-9aa9a541ee05'),
 ('35', '35', 'en_us', 'stake-youth-dance-03182017', 'events/stake-youth-dance-03182017', '1', '2017-03-08 23:45:58', '2017-03-12 19:19:27', '2100c820-04c1-41f7-99be-013ad2d22bc6'),
 ('36', '36', 'en_us', 'seminary-registration', NULL, '1', '2017-03-09 16:06:40', '2017-03-24 14:20:07', 'f7d5c19f-144b-4c19-ae1b-9a908d537403'),
 ('37', '37', 'en_us', '2017-youth-theme-banner', NULL, '1', '2017-03-10 00:00:11', '2017-03-15 15:00:29', '3d97f8bf-1e40-441a-a7cf-433f3bdf252f'),
 ('39', '39', 'en_us', 'stake-dance-poster', NULL, '1', '2017-03-12 18:54:17', '2017-03-15 15:00:31', 'a60baa7a-f6ed-4d87-8aa1-b2112784565b'),
 ('40', '40', 'en_us', 'youth-got-talent', NULL, '1', '2017-03-12 18:59:36', '2017-03-15 15:00:31', 'a0c7d786-c311-4052-a9b5-03a277219f8a'),
 ('41', '41', 'en_us', 'stake-youths-got-talent', 'events/stake-youths-got-talent', '1', '2017-03-12 19:00:14', '2017-03-12 19:00:14', 'af60c380-4e27-48ea-a410-0179fe9925a9'),
 ('42', '42', 'en_us', 'camp-helaman-2017', 'events/camp-helaman-2017', '1', '2017-03-12 20:10:27', '2017-03-15 15:06:38', 'd7ce3399-df07-4931-8a2c-9a7da52162d8'),
 ('43', '43', 'en_us', '2538625223-ashley-allison', NULL, '1', '2017-03-13 07:33:29', '2017-03-13 07:34:40', '5d36d541-5573-45ea-8b2c-c581f9eb37fc'),
 ('44', '44', 'en_us', 'meme-holland-hope-journey', NULL, '1', '2017-03-15 15:00:29', '2017-03-15 15:00:29', '1f01881f-846c-4d1d-9f8d-b620ed4ea3e4'),
 ('45', '45', 'en_us', '2538802347-braylee-conine', NULL, '1', '2017-03-17 15:21:52', '2017-03-17 15:21:52', 'c7ee87fb-1498-46eb-a00d-65a3754e107c'),
 ('46', '46', 'en_us', '2538265117-hannah-harrington-', NULL, '1', '2017-03-19 07:00:50', '2017-03-19 07:00:50', '8281081b-79f9-464d-bb36-b239f38a15e5'),
 ('47', '47', 'en_us', 'finalpromcorrectqr', NULL, '1', '2017-03-24 14:06:16', '2017-03-24 14:06:16', '0c90a872-f19e-4505-a5f1-50080c378b13'),
 ('48', '48', 'en_us', 'mormon-prom-2017', 'events/mormon-prom-2017', '1', '2017-03-24 14:08:46', '2017-04-10 14:03:13', 'c6c3d504-290d-4ac2-acfb-80e039029686'),
 ('49', '49', 'en_us', 'mormon-prom', NULL, '1', '2017-03-24 14:12:56', '2017-04-10 14:03:49', 'b99db131-8d30-4b30-8aa1-14c7abba185c');



DROP TABLE IF EXISTS `craft_emailmessages`;


--
-- Schema for table `craft_emailmessages`
--
CREATE TABLE `craft_emailmessages` (
  `id` int(11) NOT NULL AUTO_INCREMENT,
  `key` char(150) COLLATE utf8_unicode_ci NOT NULL,
  `locale` char(12) COLLATE utf8_unicode_ci NOT NULL,
  `subject` varchar(1000) COLLATE utf8_unicode_ci NOT NULL,
  `body` text COLLATE utf8_unicode_ci NOT NULL,
  `dateCreated` datetime NOT NULL,
  `dateUpdated` datetime NOT NULL,
  `uid` char(36) COLLATE utf8_unicode_ci NOT NULL DEFAULT '0',
  PRIMARY KEY (`id`),
  UNIQUE KEY `craft_emailmessages_key_locale_unq_idx` (`key`,`locale`),
  KEY `craft_emailmessages_locale_fk` (`locale`)
) ENGINE=InnoDB DEFAULT CHARSET=utf8 COLLATE=utf8_unicode_ci;

DROP TABLE IF EXISTS `craft_entries`;


--
-- Schema for table `craft_entries`
--
CREATE TABLE `craft_entries` (
  `id` int(11) NOT NULL,
  `sectionId` int(11) NOT NULL,
  `typeId` int(11) DEFAULT NULL,
  `authorId` int(11) DEFAULT NULL,
  `postDate` datetime DEFAULT NULL,
  `expiryDate` datetime DEFAULT NULL,
  `dateCreated` datetime NOT NULL,
  `dateUpdated` datetime NOT NULL,
  `uid` char(36) COLLATE utf8_unicode_ci NOT NULL DEFAULT '0',
  PRIMARY KEY (`id`),
  KEY `craft_entries_sectionId_idx` (`sectionId`),
  KEY `craft_entries_typeId_idx` (`typeId`),
  KEY `craft_entries_postDate_idx` (`postDate`),
  KEY `craft_entries_expiryDate_idx` (`expiryDate`),
  KEY `craft_entries_authorId_fk` (`authorId`)
) ENGINE=InnoDB DEFAULT CHARSET=utf8 COLLATE=utf8_unicode_ci;

--
-- Data for table `craft_entries`
--

INSERT INTO `craft_entries` (`id`, `sectionId`, `typeId`, `authorId`, `postDate`, `expiryDate`, `dateCreated`, `dateUpdated`, `uid`) VALUES
 ('2', '1', NULL, NULL, '2017-02-28 16:39:53', NULL, '2017-02-28 16:39:53', '2017-03-15 15:05:12', '4f3106a8-d854-4fe7-ad29-2b25bacb332c'),
 ('32', '5', '5', '1', '2017-03-27 19:15:00', NULL, '2017-03-08 17:12:12', '2017-03-27 19:15:01', '1569eff2-96bb-4b53-961e-5e1d41cad37a'),
 ('33', '4', '4', '1', '2017-08-04 07:00:00', '2017-08-05 07:00:00', '2017-03-08 23:36:00', '2017-03-15 15:04:07', 'c9770dc0-a6d4-4364-8d90-d32bfc38d362'),
 ('34', '4', '4', '1', '2017-07-18 07:00:00', '2017-07-22 07:00:00', '2017-03-08 23:37:53', '2017-04-03 13:41:04', '6d65ff87-dd9f-4a70-8b44-d97c0e42d79d'),
 ('35', '4', '4', '1', '2017-03-19 02:00:00', '2017-03-19 06:00:00', '2017-03-08 23:45:58', '2017-03-12 19:19:27', '29eeb23e-fe8b-45a3-8a23-69e9dcd159d4'),
 ('36', '3', '3', '1', '2017-03-01 08:00:00', '2017-05-31 07:00:00', '2017-03-09 16:06:40', '2017-03-24 14:20:07', 'beec6990-b263-47d2-9f7b-4c436f054e39'),
 ('41', '4', '4', '1', '2017-04-20 01:00:00', '2017-04-20 03:30:00', '2017-03-12 19:00:14', '2017-03-12 19:00:14', '66fbd8b9-0532-4517-84e6-df57c4beca69'),
 ('42', '4', '4', '1', '2017-07-05 07:00:00', '2017-07-08 07:00:00', '2017-03-12 20:10:27', '2017-03-15 15:06:38', '4999889d-f11d-401d-8ad9-c97d7b1d5736'),
 ('43', '5', '5', '1', '2017-03-13 07:34:40', NULL, '2017-03-13 07:33:29', '2017-03-13 07:34:40', 'e6194a9a-c37f-467a-8789-9ad69fddaa48'),
 ('45', '5', '5', '1', '2017-03-17 15:21:52', NULL, '2017-03-17 15:21:52', '2017-03-17 15:21:52', '9e4fe49c-c915-4752-8694-4433f65d80ca'),
 ('46', '5', '5', '1', '2017-03-19 07:00:50', NULL, '2017-03-19 07:00:50', '2017-03-19 07:00:50', '737c3fea-f89d-4896-859a-2026e59cde8f'),
 ('48', '4', '4', '1', '2017-05-06 02:00:00', '2017-05-06 06:30:00', '2017-03-24 14:08:46', '2017-04-10 14:03:13', '56733f10-dffa-47b0-8de9-16e2a201e15a'),
 ('49', '3', '3', '1', '2017-03-22 07:00:00', '2017-04-30 07:00:00', '2017-03-24 14:12:56', '2017-04-10 14:03:49', 'a537fa64-632f-4277-b893-37caa1912399');



DROP TABLE IF EXISTS `craft_entrydrafts`;


--
-- Schema for table `craft_entrydrafts`
--
CREATE TABLE `craft_entrydrafts` (
  `id` int(11) NOT NULL AUTO_INCREMENT,
  `entryId` int(11) NOT NULL,
  `sectionId` int(11) NOT NULL,
  `creatorId` int(11) NOT NULL,
  `locale` char(12) COLLATE utf8_unicode_ci NOT NULL,
  `name` varchar(255) COLLATE utf8_unicode_ci NOT NULL,
  `notes` tinytext COLLATE utf8_unicode_ci,
  `data` mediumtext COLLATE utf8_unicode_ci NOT NULL,
  `dateCreated` datetime NOT NULL,
  `dateUpdated` datetime NOT NULL,
  `uid` char(36) COLLATE utf8_unicode_ci NOT NULL DEFAULT '0',
  PRIMARY KEY (`id`),
  KEY `craft_entrydrafts_entryId_locale_idx` (`entryId`,`locale`),
  KEY `craft_entrydrafts_sectionId_fk` (`sectionId`),
  KEY `craft_entrydrafts_creatorId_fk` (`creatorId`),
  KEY `craft_entrydrafts_locale_fk` (`locale`)
) ENGINE=InnoDB DEFAULT CHARSET=utf8 COLLATE=utf8_unicode_ci;

DROP TABLE IF EXISTS `craft_entrytypes`;


--
-- Schema for table `craft_entrytypes`
--
CREATE TABLE `craft_entrytypes` (
  `id` int(11) NOT NULL AUTO_INCREMENT,
  `sectionId` int(11) NOT NULL,
  `fieldLayoutId` int(11) DEFAULT NULL,
  `name` varchar(255) COLLATE utf8_unicode_ci NOT NULL,
  `handle` varchar(255) COLLATE utf8_unicode_ci NOT NULL,
  `hasTitleField` tinyint(1) unsigned NOT NULL DEFAULT '1',
  `titleLabel` varchar(255) COLLATE utf8_unicode_ci DEFAULT 'Title',
  `titleFormat` varchar(255) COLLATE utf8_unicode_ci DEFAULT NULL,
  `sortOrder` smallint(6) unsigned DEFAULT NULL,
  `dateCreated` datetime NOT NULL,
  `dateUpdated` datetime NOT NULL,
  `uid` char(36) COLLATE utf8_unicode_ci NOT NULL DEFAULT '0',
  PRIMARY KEY (`id`),
  UNIQUE KEY `craft_entrytypes_name_sectionId_unq_idx` (`name`,`sectionId`),
  UNIQUE KEY `craft_entrytypes_handle_sectionId_unq_idx` (`handle`,`sectionId`),
  KEY `craft_entrytypes_sectionId_fk` (`sectionId`),
  KEY `craft_entrytypes_fieldLayoutId_fk` (`fieldLayoutId`)
) ENGINE=InnoDB AUTO_INCREMENT=6 DEFAULT CHARSET=utf8 COLLATE=utf8_unicode_ci;

--
-- Data for table `craft_entrytypes`
--

INSERT INTO `craft_entrytypes` (`id`, `sectionId`, `fieldLayoutId`, `name`, `handle`, `hasTitleField`, `titleLabel`, `titleFormat`, `sortOrder`, `dateCreated`, `dateUpdated`, `uid`) VALUES
 ('1', '1', '22', 'Homepage', 'homepage', '1', 'Title', NULL, '1', '2017-02-28 16:39:53', '2017-03-15 14:55:49', '2cd68fdb-05bd-485e-90fe-4a3169830bf0'),
 ('3', '3', '13', 'Announcements', 'announcements', '1', 'Title', NULL, '1', '2017-03-01 14:51:23', '2017-03-01 16:36:57', '4ee5ff57-e6d3-451f-b9ab-4677c77e710b'),
 ('4', '4', '24', 'Events', 'events', '1', 'Title', NULL, '1', '2017-03-01 14:51:43', '2017-03-15 22:46:07', 'e7374208-40c7-45cd-b0be-bdc62dd29b57'),
 ('5', '5', '18', 'Youth Members', 'youthMembers', '1', 'Title', NULL, '1', '2017-03-01 14:51:59', '2017-03-01 16:45:30', '71170e24-33b4-430c-aad9-10564729cc85');



DROP TABLE IF EXISTS `craft_entryversions`;


--
-- Schema for table `craft_entryversions`
--
CREATE TABLE `craft_entryversions` (
  `id` int(11) NOT NULL AUTO_INCREMENT,
  `entryId` int(11) NOT NULL,
  `sectionId` int(11) NOT NULL,
  `creatorId` int(11) DEFAULT NULL,
  `locale` char(12) COLLATE utf8_unicode_ci NOT NULL,
  `num` smallint(6) unsigned NOT NULL,
  `notes` tinytext COLLATE utf8_unicode_ci,
  `data` mediumtext COLLATE utf8_unicode_ci NOT NULL,
  `dateCreated` datetime NOT NULL,
  `dateUpdated` datetime NOT NULL,
  `uid` char(36) COLLATE utf8_unicode_ci NOT NULL DEFAULT '0',
  PRIMARY KEY (`id`),
  KEY `craft_entryversions_entryId_locale_idx` (`entryId`,`locale`),
  KEY `craft_entryversions_sectionId_fk` (`sectionId`),
  KEY `craft_entryversions_creatorId_fk` (`creatorId`),
  KEY `craft_entryversions_locale_fk` (`locale`)
) ENGINE=InnoDB AUTO_INCREMENT=55 DEFAULT CHARSET=utf8 COLLATE=utf8_unicode_ci;

--
-- Data for table `craft_entryversions`
--

INSERT INTO `craft_entryversions` (`id`, `entryId`, `sectionId`, `creatorId`, `locale`, `num`, `notes`, `data`, `dateCreated`, `dateUpdated`, `uid`) VALUES
 ('1', '2', '1', '1', 'en_us', '1', NULL, '{\"typeId\":\"1\",\"authorId\":null,\"title\":\"Homepage\",\"slug\":\"homepage\",\"postDate\":1488299993,\"expiryDate\":null,\"enabled\":1,\"parentId\":null,\"fields\":[]}', '2017-02-28 16:39:53', '2017-02-28 16:39:53', '8ee67c63-cb66-4762-a67c-bec647cb0cfa'),
 ('2', '2', '1', '1', 'en_us', '2', NULL, '{\"typeId\":null,\"authorId\":null,\"title\":\"Welcome to Puyallupstakeyouth.org!\",\"slug\":\"homepage\",\"postDate\":1488299993,\"expiryDate\":null,\"enabled\":\"1\",\"parentId\":null,\"fields\":{\"1\":\"<p>It\\u2019s true, this site doesn\\u2019t have a whole lot of content yet, but don\\u2019t worry. Our web developers have just installed the CMS, and they\\u2019re setting things up for the content editors this very moment. Soon Puyallupstakeyouth.org will be an oasis of fresh perspectives, sharp analyses, and astute opinions that will keep you coming back again and again.<\\/p>\"}}', '2017-02-28 16:39:53', '2017-02-28 16:39:53', '2efdcf8c-a08b-4882-8ad2-714a102c5d11'),
 ('3', '32', '5', '1', 'en_us', '1', NULL, '{\"typeId\":null,\"authorId\":\"1\",\"title\":\"Test User\",\"slug\":\"1234567890-test-user\",\"postDate\":1488993132,\"expiryDate\":null,\"enabled\":1,\"parentId\":null,\"fields\":{\"14\":\"Test\",\"16\":\"123 456-7890\",\"15\":\"User\",\"17\":\"1234\",\"19\":\"25\",\"20\":\"24\"}}', '2017-03-08 17:12:12', '2017-03-08 17:12:12', '0d685b6d-50eb-4d6e-8d22-110ea19a3ecc'),
 ('4', '32', '5', '1', 'en_us', '2', NULL, '{\"typeId\":null,\"authorId\":\"1\",\"title\":\"Test User\",\"slug\":\"1234567890-test-user\",\"postDate\":1488993169,\"expiryDate\":null,\"enabled\":1,\"parentId\":null,\"fields\":{\"14\":\"Test\",\"16\":\"123 456-7890\",\"15\":\"User\",\"17\":\"1234\",\"19\":\"29\",\"20\":\"24\"}}', '2017-03-08 17:12:49', '2017-03-08 17:12:49', 'c72ecf29-a54a-4d5c-b6d7-1880eb4f2fac'),
 ('5', '32', '5', '1', 'en_us', '3', '', '{\"typeId\":\"5\",\"authorId\":\"1\",\"title\":\"Test User\",\"slug\":\"1234567890-test-user\",\"postDate\":1488993120,\"expiryDate\":null,\"enabled\":1,\"parentId\":null,\"fields\":{\"14\":\"Test\",\"16\":\"123 456-7890\",\"15\":\"User\",\"17\":\"1234\",\"18\":\"\",\"19\":[\"25\"],\"20\":[\"24\"]}}', '2017-03-08 20:41:14', '2017-03-08 20:41:14', 'a972901a-6e0a-4769-b510-afcc0919a5c1'),
 ('6', '33', '4', '1', 'en_us', '1', '', '{\"typeId\":null,\"authorId\":\"1\",\"title\":\"Youth Conference\",\"slug\":\"youth-conference-2017\",\"postDate\":1501830000,\"expiryDate\":1501916400,\"enabled\":1,\"parentId\":null,\"fields\":{\"5\":{\"date\":\"\"},\"7\":\"\",\"8\":\"\",\"9\":\"1\",\"10\":\"University of Puget Sound, Tacoma\",\"11\":\"\",\"12\":\"\",\"13\":\"https:\\/\\/docs.google.com\\/a\\/hammerquist.net\\/forms\\/d\\/e\\/1FAIpQLScByelnkc1ieME99oXajuWvw7mN94LGst_FvZ6xGx3Iwbj47Q\\/viewform?c=0&w=1\",\"6\":[\"22\"]}}', '2017-03-08 23:36:00', '2017-03-08 23:36:00', '89e19485-6988-49f1-ab2c-2f52bdae9702'),
 ('7', '34', '4', '1', 'en_us', '1', '', '{\"typeId\":null,\"authorId\":\"1\",\"title\":\"Puyallup Stake YW Camp, 2017\",\"slug\":\"yw-camp-2017\",\"postDate\":1500361200,\"expiryDate\":1500706800,\"enabled\":1,\"parentId\":null,\"fields\":{\"5\":{\"date\":\"\"},\"7\":\"\",\"8\":\"\",\"9\":\"1\",\"10\":\"TBD\",\"11\":\"\",\"12\":\"\",\"13\":\"https:\\/\\/docs.google.com\\/a\\/hammerquist.net\\/forms\\/d\\/e\\/1FAIpQLSdzcczTO1MczAGSNccn0QaVpklSvcapaUjQQcqpQVhINaoMnw\\/viewform?c=0&w=1\",\"6\":[\"23\"]}}', '2017-03-08 23:37:53', '2017-03-08 23:37:53', 'cb40f851-aec4-4129-974c-9b2a0fdcf38e'),
 ('8', '35', '4', '1', 'en_us', '1', '', '{\"typeId\":null,\"authorId\":\"1\",\"title\":\"Stake Youth Dance\",\"slug\":\"stake-youth-dance-03182017\",\"postDate\":1489888800,\"expiryDate\":1489901400,\"enabled\":1,\"parentId\":null,\"fields\":{\"5\":{\"date\":\"\"},\"7\":\"\",\"8\":\"\",\"9\":\"\",\"10\":\"Sumner Stake Center\",\"11\":\"\",\"12\":\"\",\"13\":\"\",\"6\":[\"22\"]}}', '2017-03-08 23:45:58', '2017-03-08 23:45:58', '5ef25780-ec0c-4e24-a789-375057b1cfe2'),
 ('9', '36', '3', '1', 'en_us', '1', '', '{\"typeId\":null,\"authorId\":\"1\",\"title\":\"Seminary Registration\",\"slug\":\"seminary-registration\",\"postDate\":1488355200,\"expiryDate\":1496214000,\"enabled\":1,\"parentId\":null,\"fields\":{\"3\":\"<p><span class=\\\"s1\\\">It is time to register&nbsp;<\\/span><span class=\\\"s2\\\">seminary<\\/span><span class=\\\"s1\\\">&nbsp;students for the 2017\\/2018 school year. If you have children who will be in 9th through 12th grades next school year, please go to&nbsp;<a href=\\\"https:\\/\\/www.lds.org\\/si\\/seminary\\\"><span class=\\\"s3\\\"><\\/span><\\/a><a href=\\\"https:\\/\\/www.lds.org\\/si\\/\\\">https:\\/\\/www.lds.org\\/si\\/<\\/a><\\/span><span class=\\\"s4\\\">seminary<\\/span>, click on the mySeminary App, and sign in with your LDS Account username and password to register your children. We would appreciate your help in getting registrations completed right away so we can get our classes organized for next school year.<\\/p>\",\"4\":\"\"}}', '2017-03-09 16:06:40', '2017-03-09 16:06:40', '6177caf9-5cb2-444a-a783-49df8f3d31b1'),
 ('10', '36', '3', '1', 'en_us', '2', '', '{\"typeId\":\"3\",\"authorId\":\"1\",\"title\":\"Seminary Registration\",\"slug\":\"seminary-registration\",\"postDate\":1488355200,\"expiryDate\":1496214000,\"enabled\":1,\"parentId\":null,\"fields\":{\"3\":\"<p>It is time to register&nbsp;seminary&nbsp;students for the 2017\\/2018 school year. If you have children who will be in 9th through 12th grades next school year, please go to&nbsp;<a href=\\\"https:\\/\\/www.lds.org\\/si\\/seminary\\\"><\\/a><a href=\\\"https:\\/\\/www.lds.org\\/si\\/\\\"><\\/a><a href=\\\"https:\\/\\/www.lds.org\\/si\\/seminary\\\">https:\\/\\/www.lds.org\\/si\\/seminary<\\/a>, click on the mySeminary App, and sign in with your LDS Account username and password to register your children. We would appreciate your help in getting registrations completed right away so we can get our classes organized for next school year.<\\/p>\",\"4\":\"\"}}', '2017-03-09 16:07:43', '2017-03-09 16:07:43', '98210e9b-ad4b-4f72-8806-59e014b145ab'),
 ('11', '36', '3', '1', 'en_us', '3', '', '{\"typeId\":\"3\",\"authorId\":\"1\",\"title\":\"Seminary Registration\",\"slug\":\"seminary-registration\",\"postDate\":1488355200,\"expiryDate\":1496214000,\"enabled\":1,\"parentId\":null,\"fields\":{\"3\":\"<p>It is time to register&nbsp;seminary&nbsp;students for the 2017\\/2018 school year. If you have children who will be in 9th through 12th grades next school year, please go to&nbsp;<a href=\\\"https:\\/\\/www.lds.org\\/si\\/seminary\\\"><\\/a><a href=\\\"https:\\/\\/www.lds.org\\/si\\/\\\"><\\/a><a href=\\\"https:\\/\\/www.lds.org\\/si\\/seminary\\\"><\\/a><a href=\\\"https:\\/\\/www.lds.org\\/si\\/seminary\\\" target=\\\"_blank\\\">https:\\/\\/www.lds.org\\/si\\/seminary<\\/a>, click on the mySeminary App, and sign in with your LDS Account username and password to register your children. We would appreciate your help in getting registrations completed right away so we can get our classes organized for next school year.<\\/p>\",\"4\":\"\"}}', '2017-03-09 16:08:08', '2017-03-09 16:08:08', '345169bf-cb5a-4921-b5be-be5c0699c597'),
 ('12', '35', '4', '1', 'en_us', '2', '', '{\"typeId\":\"4\",\"authorId\":\"1\",\"title\":\"Stake Youth Dance\",\"slug\":\"stake-youth-dance-03182017\",\"postDate\":1489888800,\"expiryDate\":1489901400,\"enabled\":1,\"parentId\":null,\"fields\":{\"5\":{\"date\":\"\"},\"7\":\"\",\"8\":\"\",\"9\":\"1\",\"10\":\"Sumner Stake Center\",\"11\":\"\",\"12\":\"\",\"13\":\"\",\"6\":[\"22\"]}}', '2017-03-10 18:29:17', '2017-03-10 18:29:17', '49b7228d-6675-4452-ab56-0268ff7d8f74'),
 ('13', '32', '5', '1', 'en_us', '4', NULL, '{\"typeId\":null,\"authorId\":\"1\",\"title\":\"Test User\",\"slug\":\"1234567890-test-user\",\"postDate\":1489170580,\"expiryDate\":null,\"enabled\":1,\"parentId\":null,\"fields\":{\"18\":[\"35\"]}}', '2017-03-10 18:29:40', '2017-03-10 18:29:40', '37aecb0a-ef1e-4feb-8d51-e7d7f958ab70'),
 ('14', '32', '5', '1', 'en_us', '5', NULL, '{\"typeId\":null,\"authorId\":\"1\",\"title\":\"Test User\",\"slug\":\"1234567890-test-user\",\"postDate\":1489170613,\"expiryDate\":null,\"enabled\":1,\"parentId\":null,\"fields\":{\"18\":[\"35\"]}}', '2017-03-10 18:30:13', '2017-03-10 18:30:13', 'bfcd6c13-05de-4476-b691-17b30c8589bd'),
 ('15', '35', '4', '1', 'en_us', '3', NULL, '{\"typeId\":null,\"authorId\":\"1\",\"title\":\"Stake Youth Dance\",\"slug\":\"stake-youth-dance-03182017\",\"postDate\":1489170613,\"expiryDate\":null,\"enabled\":1,\"parentId\":null,\"fields\":{\"12\":[\"32\"]}}', '2017-03-10 18:30:13', '2017-03-10 18:30:13', 'f5a8e47d-dcc3-4341-88a2-24622d76d9bd'),
 ('16', '35', '4', '1', 'en_us', '4', '', '{\"typeId\":\"4\",\"authorId\":\"1\",\"title\":\"Stake Youth Dance\",\"slug\":\"stake-youth-dance-03182017\",\"postDate\":1489170600,\"expiryDate\":null,\"enabled\":1,\"parentId\":null,\"fields\":{\"5\":{\"date\":\"\"},\"7\":\"\",\"8\":\"\",\"9\":\"\",\"10\":\"Sumner Stake Center\",\"11\":\"\",\"12\":\"\",\"13\":\"\",\"6\":[\"22\"]}}', '2017-03-10 18:30:33', '2017-03-10 18:30:33', 'ba4c669b-1d7b-4697-a998-2bf14529bdb9'),
 ('17', '32', '5', '1', 'en_us', '6', '', '{\"typeId\":\"5\",\"authorId\":\"1\",\"title\":\"Test User\",\"slug\":\"1234567890-test-user\",\"postDate\":1489170600,\"expiryDate\":null,\"enabled\":1,\"parentId\":null,\"fields\":{\"14\":\"Test\",\"16\":\"123 456-7890\",\"15\":\"User\",\"17\":\"1234\",\"18\":\"\",\"19\":[\"25\"],\"20\":[\"24\"]}}', '2017-03-10 18:30:46', '2017-03-10 18:30:46', '936a8b60-4ac6-4c66-bbb3-e632d45cf8d5'),
 ('18', '35', '4', '1', 'en_us', '5', '', '{\"typeId\":\"4\",\"authorId\":\"1\",\"title\":\"Stake Youth Dance\",\"slug\":\"stake-youth-dance-03182017\",\"postDate\":1489170600,\"expiryDate\":null,\"enabled\":1,\"parentId\":null,\"fields\":{\"5\":{\"date\":\"\"},\"7\":\"There will be a fireside at 7pm. The dance will be held afterwards.\",\"8\":\"\",\"9\":\"\",\"10\":\"Sumner Stake Center\",\"11\":\"\",\"12\":\"\",\"13\":\"\",\"6\":[\"22\"]}}', '2017-03-12 18:52:19', '2017-03-12 18:52:19', 'ac7ccc17-5d43-4e54-88ed-39c43708204f'),
 ('19', '35', '4', '1', 'en_us', '6', '', '{\"typeId\":\"4\",\"authorId\":\"1\",\"title\":\"Stake Youth Dance\",\"slug\":\"stake-youth-dance-03182017\",\"postDate\":1489170600,\"expiryDate\":null,\"enabled\":1,\"parentId\":null,\"fields\":{\"5\":{\"date\":\"\"},\"7\":\"There will be a fireside at 7pm. The dance will be held afterwards.\",\"8\":\"\",\"9\":\"\",\"10\":\"Sumner Stake Center\",\"11\":\"<a href=\\\"http:\\/\\/puyallupstakeyouth.org\\/images\\/uploads\\/stake_dance_poster.jpg#asset:39\\\">Stake Dance Poster<\\/a>\",\"12\":\"\",\"13\":\"\",\"6\":[\"22\"]}}', '2017-03-12 18:54:21', '2017-03-12 18:54:21', '0edbed19-87d0-4336-9207-1d7ecd64b6a1'),
 ('20', '35', '4', '1', 'en_us', '7', '', '{\"typeId\":\"4\",\"authorId\":\"1\",\"title\":\"Stake Youth Dance\",\"slug\":\"stake-youth-dance-03182017\",\"postDate\":1489170600,\"expiryDate\":null,\"enabled\":1,\"parentId\":null,\"fields\":{\"5\":{\"date\":\"\"},\"7\":\"There will be a fireside at 7pm. The dance will be held afterwards.\",\"8\":\"\",\"9\":\"\",\"10\":\"Sumner Stake Center\",\"11\":\"<img src=\\\"http:\\/\\/puyallupstakeyouth.org\\/images\\/uploads\\/stake_dance_poster.jpg#asset:39:url\\\" alt=\\\"Stake Dance Poster\\\">\",\"12\":\"\",\"13\":\"\",\"6\":[\"22\"]}}', '2017-03-12 18:56:04', '2017-03-12 18:56:04', 'dcfcaeba-149f-4031-b111-4554a36187f2'),
 ('21', '41', '4', '1', 'en_us', '1', '', '{\"typeId\":null,\"authorId\":\"1\",\"title\":\"Stake Youth\'s Got Talent\",\"slug\":\"stake-youths-got-talent\",\"postDate\":1492650000,\"expiryDate\":1492659000,\"enabled\":1,\"parentId\":null,\"fields\":{\"5\":{\"date\":\"\"},\"7\":\"Dinner at 6 followed by the Talent show! Each ward will share a 10 minute talent or skit. Bring tissues: you might laugh so hard, you\\u2019ll cry!\",\"8\":\"\",\"9\":\"\",\"10\":\"Sumner Stake Center\",\"11\":\"<img src=\\\"http:\\/\\/puyallupstakeyouth.org\\/images\\/uploads\\/youth_got_talent.jpg#asset:40\\\" alt=\\\"Youth Got Talent\\\">\",\"12\":\"\",\"13\":\"\",\"6\":[\"22\"]}}', '2017-03-12 19:00:14', '2017-03-12 19:00:14', '1aa77ff4-47a8-4609-a84a-1dff04618d72'),
 ('22', '32', '5', '1', 'en_us', '7', NULL, '{\"typeId\":null,\"authorId\":\"1\",\"title\":\"Test User\",\"slug\":\"1234567890-test-user\",\"postDate\":1489345485,\"expiryDate\":null,\"enabled\":1,\"parentId\":null,\"fields\":{\"14\":\"Test\",\"16\":\"123 456-7890\",\"15\":\"User\",\"17\":\"1234\",\"19\":\"25\",\"20\":\"24\"}}', '2017-03-12 19:04:45', '2017-03-12 19:04:45', 'dbf126c0-a36a-4219-b4f2-b343842e7f40'),
 ('23', '35', '4', '1', 'en_us', '8', '', '{\"typeId\":\"4\",\"authorId\":\"1\",\"title\":\"Stake Youth Dance\",\"slug\":\"stake-youth-dance-03182017\",\"postDate\":1489888800,\"expiryDate\":1489903200,\"enabled\":1,\"parentId\":null,\"fields\":{\"5\":{\"date\":\"\"},\"7\":\"There will be a fireside at 7pm. The dance will be held afterwards.\",\"8\":\"\",\"9\":\"\",\"10\":\"Sumner Stake Center\",\"11\":\"<p><img src=\\\"http:\\/\\/puyallupstakeyouth.org\\/images\\/uploads\\/stake_dance_poster.jpg#asset:39:url\\\" alt=\\\"Stake Dance Poster\\\"><\\/p>\",\"12\":\"\",\"13\":\"\",\"6\":[\"22\"]}}', '2017-03-12 19:19:27', '2017-03-12 19:19:27', 'fe68ee3d-61d9-4466-8a7b-7c031ed5d9fa'),
 ('24', '42', '4', '1', 'en_us', '1', '', '{\"typeId\":null,\"authorId\":\"1\",\"title\":\"Camp Helaman 2017\",\"slug\":\"camp-helaman-2017\",\"postDate\":1499238000,\"expiryDate\":1499497200,\"enabled\":1,\"parentId\":null,\"fields\":{\"5\":{\"date\":\"\"},\"7\":\"For all young men who will be 16 as of July 4th, 2017.\",\"8\":\"\",\"9\":\"\",\"10\":\"Ensign Ranch\",\"11\":\"<p>See details at&nbsp;<a href=\\\"http:\\/\\/www.camphelamanfederalway.com\\\">camphelamanfederalway.com<\\/a>.<\\/p>\",\"12\":\"\",\"13\":\"\",\"6\":\"\"}}', '2017-03-12 20:10:27', '2017-03-12 20:10:27', '6ddf871f-3a1b-46be-b31a-499250a4cbb7'),
 ('25', '42', '4', '1', 'en_us', '2', '', '{\"typeId\":\"4\",\"authorId\":\"1\",\"title\":\"Camp Helaman 2017\",\"slug\":\"camp-helaman-2017\",\"postDate\":1499238000,\"expiryDate\":1499497200,\"enabled\":1,\"parentId\":null,\"fields\":{\"5\":{\"date\":\"\"},\"7\":\"For all young men who will be 16 as of July 4th, 2017.\",\"8\":\"\",\"9\":\"\",\"10\":\"Ensign Ranch\",\"11\":\"<p>See details at&nbsp;<a href=\\\"http:\\/\\/www.camphelamanfederalway.com\\\">camphelamanfederalway.com<\\/a>.<\\/p>\",\"12\":\"\",\"13\":\"\",\"6\":[\"24\"]}}', '2017-03-12 20:10:44', '2017-03-12 20:10:44', 'b974c955-3bbb-4948-85e9-81b6b93f4298'),
 ('26', '43', '5', '1', 'en_us', '1', NULL, '{\"typeId\":null,\"authorId\":\"1\",\"title\":\"Jason  Allison\",\"slug\":\"2538625223-jason--allison\",\"postDate\":1489390409,\"expiryDate\":null,\"enabled\":1,\"parentId\":null,\"fields\":{\"14\":\"Jason \",\"16\":\"253 862-5223\",\"15\":\"Allison\",\"17\":\"1212\",\"19\":\"27\",\"20\":\"24\"}}', '2017-03-13 07:33:29', '2017-03-13 07:33:29', 'ba1a4626-0ffc-464c-af31-b2f3dd03ec6b'),
 ('27', '43', '5', '1', 'en_us', '2', NULL, '{\"typeId\":null,\"authorId\":\"1\",\"title\":\"Ashley Allison\",\"slug\":\"2538625223-ashley-allison\",\"postDate\":1489390469,\"expiryDate\":null,\"enabled\":1,\"parentId\":null,\"fields\":{\"14\":\"Ashley\",\"16\":\"253 862-5223\",\"15\":\"Allison\",\"17\":\"1212\",\"19\":\"27\",\"20\":\"23\"}}', '2017-03-13 07:34:29', '2017-03-13 07:34:29', 'ea924e45-9237-4b03-b456-c60435b35fc7'),
 ('28', '43', '5', '1', 'en_us', '3', NULL, '{\"typeId\":null,\"authorId\":\"1\",\"title\":\"Ashley Allison\",\"slug\":\"2538625223-ashley-allison\",\"postDate\":1489390480,\"expiryDate\":null,\"enabled\":1,\"parentId\":null,\"fields\":{\"14\":\"Ashley\",\"16\":\"253 862-5223\",\"15\":\"Allison\",\"17\":\"1212\",\"19\":\"27\",\"20\":\"23\"}}', '2017-03-13 07:34:40', '2017-03-13 07:34:40', '947640c8-5f11-4925-b52a-656105cf196b'),
 ('29', '36', '3', '1', 'en_us', '4', '', '{\"typeId\":\"3\",\"authorId\":\"1\",\"title\":\"Seminary Registration\",\"slug\":\"seminary-registration\",\"postDate\":1488355200,\"expiryDate\":1496214000,\"enabled\":1,\"parentId\":null,\"fields\":{\"3\":\"<p>It is time to register&nbsp;seminary&nbsp;students for the 2017\\/2018 school year. If you have children who will be in 9th through 12th grades next school year, please go to&nbsp;<a href=\\\"https:\\/\\/www.lds.org\\/si\\/seminary\\\"><\\/a><a href=\\\"https:\\/\\/www.lds.org\\/si\\/\\\"><\\/a><a href=\\\"https:\\/\\/www.lds.org\\/si\\/seminary\\\"><\\/a><a href=\\\"https:\\/\\/www.lds.org\\/si\\/seminary\\\" target=\\\"_blank\\\" rel=\\\"noreferrer\\\">https:\\/\\/www.lds.org\\/si\\/seminary<\\/a>, click on the mySeminary App, and sign in with your LDS Account username and password to register your children. We would appreciate your help in getting registrations completed right away so we can get our classes organized for next school year.<\\/p>\",\"4\":[\"22\"]}}', '2017-03-13 13:48:41', '2017-03-13 13:48:41', '47794b59-599d-4f7d-9a9f-1831469b67a2'),
 ('30', '34', '4', '1', 'en_us', '2', '', '{\"typeId\":\"4\",\"authorId\":\"1\",\"title\":\"Puyallup Stake YW Camp, 2017\",\"slug\":\"yw-camp-2017\",\"postDate\":1500361200,\"expiryDate\":1500706800,\"enabled\":1,\"parentId\":null,\"fields\":{\"5\":{\"date\":\"\"},\"7\":\"\",\"8\":\"\",\"9\":\"1\",\"10\":\"TBD\",\"11\":\"\",\"12\":\"\",\"13\":\"https:\\/\\/docs.google.com\\/forms\\/d\\/e\\/1FAIpQLSdzcczTO1MczAGSNccn0QaVpklSvcapaUjQQcqpQVhINaoMnw\\/viewform?c=0&w=1&usp=mail_form_link\",\"6\":[\"23\"]}}', '2017-03-14 23:22:00', '2017-03-14 23:22:00', 'da3e31fe-112f-4479-9928-40cbe052296c'),
 ('31', '34', '4', '1', 'en_us', '3', '', '{\"typeId\":\"4\",\"authorId\":\"1\",\"title\":\"Puyallup Stake YW Camp, 2017\",\"slug\":\"yw-camp-2017\",\"postDate\":1500361200,\"expiryDate\":1500706800,\"enabled\":1,\"parentId\":null,\"fields\":{\"5\":{\"date\":\"\"},\"7\":\"\",\"8\":\"\",\"9\":\"1\",\"10\":\"TBD\",\"11\":\"\",\"12\":\"\",\"13\":\"https:\\/\\/docs.google.com\\/forms\\/d\\/e\\/1FAIpQLSdzcczTO1MczAGSNccn0QaVpklSvcapaUjQQcqpQVhINaoMnw\\/viewform?c=0&w=1&usp=mail_form_link\",\"6\":[\"23\"]}}', '2017-03-14 23:22:37', '2017-03-14 23:22:37', '1be451fa-cf58-418e-b949-7d401a5bab51'),
 ('32', '2', '1', '1', 'en_us', '3', '', '{\"typeId\":null,\"authorId\":null,\"title\":\"Home Page\",\"slug\":\"homepage\",\"postDate\":1488299993,\"expiryDate\":null,\"enabled\":1,\"parentId\":null,\"fields\":{\"23\":\"\",\"21\":[\"8\",\"9\",\"10\",\"11\",\"12\",\"13\",\"14\",\"15\",\"16\",\"17\",\"18\",\"19\",\"20\",\"21\"],\"22\":[\"33\",\"34\",\"42\"]}}', '2017-03-15 14:59:59', '2017-03-15 14:59:59', '59b37fea-e807-4694-a206-e4bcd7eb08ed'),
 ('33', '33', '4', '1', 'en_us', '2', '', '{\"typeId\":\"4\",\"authorId\":\"1\",\"title\":\"Youth Conference\",\"slug\":\"youth-conference-2017\",\"postDate\":1501830000,\"expiryDate\":1501916400,\"enabled\":1,\"parentId\":null,\"fields\":{\"5\":{\"date\":\"\"},\"7\":\"\",\"8\":\"\",\"9\":\"1\",\"10\":\"University of Puget Sound, Tacoma\",\"11\":\"\",\"12\":\"\",\"13\":\"https:\\/\\/docs.google.com\\/a\\/hammerquist.net\\/forms\\/d\\/e\\/1FAIpQLScByelnkc1ieME99oXajuWvw7mN94LGst_FvZ6xGx3Iwbj47Q\\/viewform?c=0&w=1\",\"24\":\"Youth Conference\",\"6\":[\"22\"]}}', '2017-03-15 15:04:07', '2017-03-15 15:04:07', '591bffad-c2da-450c-a520-6d278a50142a'),
 ('34', '34', '4', '1', 'en_us', '4', '', '{\"typeId\":\"4\",\"authorId\":\"1\",\"title\":\"Puyallup Stake YW Camp, 2017\",\"slug\":\"yw-camp-2017\",\"postDate\":1500361200,\"expiryDate\":1500706800,\"enabled\":1,\"parentId\":null,\"fields\":{\"5\":{\"date\":\"\"},\"7\":\"\",\"8\":\"\",\"9\":\"1\",\"10\":\"TBD\",\"11\":\"\",\"12\":\"\",\"13\":\"https:\\/\\/docs.google.com\\/forms\\/d\\/e\\/1FAIpQLSdzcczTO1MczAGSNccn0QaVpklSvcapaUjQQcqpQVhINaoMnw\\/viewform?c=0&w=1&usp=mail_form_link\",\"24\":\"YW Camp\",\"6\":[\"23\"]}}', '2017-03-15 15:04:24', '2017-03-15 15:04:24', '849b998f-d993-44a6-ad82-e6958bfc4e9f'),
 ('35', '42', '4', '1', 'en_us', '3', '', '{\"typeId\":\"4\",\"authorId\":\"1\",\"title\":\"Camp Helaman 2017\",\"slug\":\"camp-helaman-2017\",\"postDate\":1499238000,\"expiryDate\":1499497200,\"enabled\":1,\"parentId\":null,\"fields\":{\"5\":{\"date\":\"\"},\"7\":\"For all young men who will be 16 as of July 4th, 2017.\",\"8\":\"\",\"9\":\"\",\"10\":\"Ensign Ranch\",\"11\":\"<p>See details at&nbsp;<a href=\\\"http:\\/\\/www.camphelamanfederalway.com\\\">camphelamanfederalway.com<\\/a>.<\\/p>\",\"12\":\"\",\"13\":\"\",\"24\":\"Camp Helaman\",\"6\":[\"24\"]}}', '2017-03-15 15:04:38', '2017-03-15 15:04:38', '3f6f0604-d78e-4c54-9576-c3498d2efa59'),
 ('36', '42', '4', '1', 'en_us', '4', '', '{\"typeId\":\"4\",\"authorId\":\"1\",\"title\":\"Camp Helaman, 2017\",\"slug\":\"camp-helaman-2017\",\"postDate\":1499238000,\"expiryDate\":1499497200,\"enabled\":1,\"parentId\":null,\"fields\":{\"5\":{\"date\":\"\"},\"7\":\"For all young men who will be 16 as of July 4th, 2017.\",\"8\":\"\",\"9\":\"\",\"10\":\"Ensign Ranch\",\"11\":\"<p>See details at&nbsp;<a href=\\\"http:\\/\\/www.camphelamanfederalway.com\\\">camphelamanfederalway.com<\\/a>.<\\/p>\",\"12\":\"\",\"13\":\"\",\"24\":\"Camp Helaman\",\"6\":[\"24\"]}}', '2017-03-15 15:04:46', '2017-03-15 15:04:46', 'fce9ebe1-b8fd-431b-9dfc-23460d80ade8'),
 ('37', '2', '1', '1', 'en_us', '4', '', '{\"typeId\":null,\"authorId\":null,\"title\":\"Home Page\",\"slug\":\"homepage\",\"postDate\":1488299993,\"expiryDate\":null,\"enabled\":1,\"parentId\":null,\"fields\":{\"23\":[\"44\"],\"21\":[\"8\",\"9\",\"10\",\"11\",\"12\",\"13\",\"14\",\"15\",\"16\",\"17\",\"18\",\"19\",\"20\",\"21\"],\"22\":[\"33\",\"34\",\"42\"]}}', '2017-03-15 15:05:12', '2017-03-15 15:05:12', '5ecf7e6e-99b8-4767-ae2f-f98500f4caa6'),
 ('38', '42', '4', '1', 'en_us', '5', '', '{\"typeId\":\"4\",\"authorId\":\"1\",\"title\":\"Camp Helaman, 2017\",\"slug\":\"camp-helaman-2017\",\"postDate\":1499238000,\"expiryDate\":1499497200,\"enabled\":1,\"parentId\":null,\"fields\":{\"5\":{\"date\":\"\"},\"7\":\"For all young men who will be 16 as of July 4th, 2017.\",\"8\":\"\",\"9\":\"1\",\"10\":\"Ensign Ranch\",\"11\":\"<p>See details at&nbsp;<a href=\\\"http:\\/\\/www.camphelamanfederalway.com\\\">camphelamanfederalway.com<\\/a>.<\\/p>\",\"12\":\"\",\"13\":\"http:\\/\\/www.camphelamanfederalway.com\\/registration\\/\",\"24\":\"Camp Helaman\",\"6\":[\"24\"]}}', '2017-03-15 15:06:18', '2017-03-15 15:06:18', 'a666421e-a5ba-4af7-85c8-c35ce89971aa'),
 ('39', '42', '4', '1', 'en_us', '6', '', '{\"typeId\":\"4\",\"authorId\":\"1\",\"title\":\"Camp Helaman, 2017\",\"slug\":\"camp-helaman-2017\",\"postDate\":1499238000,\"expiryDate\":1499497200,\"enabled\":1,\"parentId\":null,\"fields\":{\"5\":{\"date\":\"\"},\"7\":\"For all young men who will be 16 as of July 4th, 2017.\",\"8\":\"\",\"9\":\"1\",\"10\":\"Ensign Ranch\",\"11\":\"<p>See details at&nbsp;<a href=\\\"http:\\/\\/www.camphelamanfederalway.com\\\">camphelamanfederalway.com<\\/a>.<\\/p>\",\"12\":\"\",\"13\":\"http:\\/\\/www.camphelamanfederalway.com\\/registration\\/\",\"24\":\"Camp Helaman\",\"6\":[\"24\"]}}', '2017-03-15 15:06:38', '2017-03-15 15:06:38', 'ab9cb3a6-c61f-4898-b83d-43f1b7dfeb5c'),
 ('40', '45', '5', '1', 'en_us', '1', NULL, '{\"typeId\":null,\"authorId\":\"1\",\"title\":\"Braylee Conine\",\"slug\":\"2538802347-braylee-conine\",\"postDate\":1489764112,\"expiryDate\":null,\"enabled\":1,\"parentId\":null,\"fields\":{\"14\":\"Braylee\",\"16\":\"253 880-2347\",\"15\":\"Conine\",\"17\":\"0605\",\"19\":\"30\",\"20\":\"23\"}}', '2017-03-17 15:21:52', '2017-03-17 15:21:52', '59e59ba2-9da4-46c4-bc94-43e07f1b8ed8'),
 ('41', '46', '5', '1', 'en_us', '1', NULL, '{\"typeId\":null,\"authorId\":\"1\",\"title\":\"Hannah Harrington \",\"slug\":\"2538265117-hannah-harrington-\",\"postDate\":1489906850,\"expiryDate\":null,\"enabled\":1,\"parentId\":null,\"fields\":{\"14\":\"Hannah\",\"16\":\"253 826-5117\",\"15\":\"Harrington \",\"17\":\"0509\",\"19\":\"28\",\"20\":\"23\"}}', '2017-03-19 07:00:50', '2017-03-19 07:00:50', 'e7804a3f-adac-491f-a180-fb5cbe85a31b'),
 ('42', '48', '4', '1', 'en_us', '1', '', '{\"typeId\":null,\"authorId\":\"1\",\"title\":\"Mormon Prom, 2017\",\"slug\":\"mormon-prom-2017\",\"postDate\":1494036000,\"expiryDate\":1494052200,\"enabled\":1,\"parentId\":null,\"fields\":{\"7\":\"Join us for an Enchanted Evening. There will be a dinner and a dance.\",\"9\":\"1\",\"10\":\"Puyallup and Puyallup South Stake Centers\",\"11\":\"<p>See invitation below for details.<\\/p><p><img src=\\\"http:\\/\\/puyallupstakeyouth.org\\/images\\/uploads\\/finalpromcorrectqr.jpg#asset:47\\\"><br><\\/p>\",\"12\":\"\",\"13\":\"http:\\/\\/grahamwastake.com\\/multi-stake-prom\\/prom-registration\\/\",\"24\":\"Mormon Prom\",\"6\":[\"22\"]}}', '2017-03-24 14:08:46', '2017-03-24 14:08:46', 'da2e30e7-761e-4115-a281-f0f31a1279f1'),
 ('43', '49', '3', '1', 'en_us', '1', '', '{\"typeId\":null,\"authorId\":\"1\",\"title\":\"Mormon Prom\",\"slug\":\"mormon-prom\",\"postDate\":1490166000,\"expiryDate\":1493535600,\"enabled\":1,\"parentId\":null,\"fields\":{\"3\":\"<p>Mormon Prom will be held on May 5, 2017. Please view the <a href=\\\"http:\\/\\/puyallupstakeyouth.org\\/events\\/mormon-prom-2017#entry:48\\\">event page<\\/a> for details, and register at <a href=\\\"http:\\/\\/grahamwastake.com\\/multi-stake-prom\\/prom-registration\\/\\\">http:\\/\\/grahamwastake.com\\/multi...<\\/a><br><\\/p>\",\"4\":[\"22\"]}}', '2017-03-24 14:12:56', '2017-03-24 14:12:56', 'afe3e39b-6107-4b93-b07a-482f1b15f806'),
 ('44', '49', '3', '1', 'en_us', '2', '', '{\"typeId\":\"3\",\"authorId\":\"1\",\"title\":\"Mormon Prom\",\"slug\":\"mormon-prom\",\"postDate\":1490166000,\"expiryDate\":1493535600,\"enabled\":1,\"parentId\":null,\"fields\":{\"3\":\"<p>Mormon Prom will be held on May 5, 2017. Please view the <a href=\\\"http:\\/\\/puyallupstakeyouth.org\\/events\\/mormon-prom-2017#entry:48:url\\\">event page<\\/a> for details, and register at <a href=\\\"http:\\/\\/grahamwastake.com\\/multi-stake-prom\\/prom-registration\\/\\\">here<\\/a>.<br><\\/p>\",\"4\":[\"22\"]}}', '2017-03-24 14:13:48', '2017-03-24 14:13:48', '5fd98d67-3371-4281-a6cb-824218bc9c1a'),
 ('45', '36', '3', '1', 'en_us', '5', '', '{\"typeId\":\"3\",\"authorId\":\"1\",\"title\":\"Seminary Registration\",\"slug\":\"seminary-registration\",\"postDate\":1488355200,\"expiryDate\":1496214000,\"enabled\":1,\"parentId\":null,\"fields\":{\"3\":\"<p>It is time to register&nbsp;seminary&nbsp;students for the 2017\\/2018 school year. If you have children who will be in 9th through 12th grades next school year, please go to&nbsp;<a href=\\\"https:\\/\\/www.lds.org\\/si\\/seminary\\\" target=\\\"_blank\\\" rel=\\\"noreferrer\\\">https:\\/\\/www.lds.org\\/si\\/seminary<\\/a>, click on the mySeminary App, and sign in with your LDS Account username and password to register your children.<\\/p>\",\"4\":[\"22\"]}}', '2017-03-24 14:20:07', '2017-03-24 14:20:07', '0c98190d-56bf-4683-a9b8-c55a9986b507'),
 ('46', '49', '3', '1', 'en_us', '3', '', '{\"typeId\":\"3\",\"authorId\":\"1\",\"title\":\"Mormon Prom\",\"slug\":\"mormon-prom\",\"postDate\":1490166000,\"expiryDate\":1493535600,\"enabled\":1,\"parentId\":null,\"fields\":{\"3\":\"<p>Mormon Prom will be held on May 5, 2017. Please view the <a href=\\\"http:\\/\\/puyallupstakeyouth.org\\/events\\/mormon-prom-2017#entry:48:url\\\">event page<\\/a> for details, and register&nbsp;<a href=\\\"http:\\/\\/grahamwastake.com\\/multi-stake-prom\\/prom-registration\\/\\\">here<\\/a>.<br><\\/p>\",\"4\":[\"22\"]}}', '2017-03-24 14:24:04', '2017-03-24 14:24:04', 'f10299b2-e5e7-4582-85bb-b7c5e1554532'),
 ('47', '32', '5', '1', 'en_us', '8', NULL, '{\"typeId\":null,\"authorId\":\"1\",\"title\":\"Test User\",\"slug\":\"1234567890-test-user\",\"postDate\":1490642100,\"expiryDate\":null,\"enabled\":1,\"parentId\":null,\"fields\":{\"14\":\"Test\",\"16\":\"123 456-7890\",\"15\":\"User\",\"17\":\"1234\",\"19\":\"25\",\"20\":\"24\"}}', '2017-03-27 19:15:01', '2017-03-27 19:15:01', 'fb00b5c7-7cde-4914-85b1-2af4e7346b6b'),
 ('48', '34', '4', '1', 'en_us', '5', '', '{\"typeId\":\"4\",\"authorId\":\"1\",\"title\":\"Puyallup Stake YW Camp, 2017\",\"slug\":\"yw-camp-2017\",\"postDate\":1500361200,\"expiryDate\":1500706800,\"enabled\":1,\"parentId\":null,\"fields\":{\"7\":\"\",\"9\":\"1\",\"10\":\"Camp Nisqually\",\"11\":\"\",\"12\":\"\",\"13\":\"https:\\/\\/docs.google.com\\/forms\\/d\\/e\\/1FAIpQLSdzcczTO1MczAGSNccn0QaVpklSvcapaUjQQcqpQVhINaoMnw\\/viewform?c=0&w=1&usp=mail_form_link\",\"24\":\"YW Camp\",\"6\":[\"23\"]}}', '2017-04-03 13:41:05', '2017-04-03 13:41:05', 'a25af873-67dd-4c0d-8ab9-86d9c8d9522e'),
 ('49', '48', '4', '1', 'en_us', '2', '', '{\"typeId\":\"4\",\"authorId\":\"1\",\"title\":\"Mormon Prom, 2017\",\"slug\":\"mormon-prom-2017\",\"postDate\":1494036000,\"expiryDate\":1494052200,\"enabled\":1,\"parentId\":null,\"fields\":{\"7\":\"Join us for an Enchanted Evening. There will be a dinner and a dance.\",\"9\":\"1\",\"10\":\"Puyallup and Puyallup South Stake Centers\",\"11\":\"<p>Please register for prom before the deadline April 21st. If there are any late to registration have them contact Sister Doty our Stake YW President.<\\/p><p>The registration website is <a href=\\\"http:\\/\\/www.GrahamWaStake.com\\\">www.GrahamWaStake.com<\\/a> Just click on the Prom Registration link. The password to register is: LDSYouth and is case sensitive.<\\/p><p>See invitation below for other details.<\\/p>\\r\\n<p><img src=\\\"http:\\/\\/puyallupstakeyouth.org\\/images\\/uploads\\/finalpromcorrectqr.jpg#asset:47:url\\\" alt=\\\"finalpromcorrectqr.jpg#asset:47\\\"><br><\\/p>\",\"12\":\"\",\"13\":\"http:\\/\\/grahamwastake.com\\/multi-stake-prom\\/prom-registration\\/\",\"24\":\"Mormon Prom\",\"6\":[\"22\"]}}', '2017-04-10 13:51:08', '2017-04-10 13:51:08', '6bf20043-3ac1-4d3a-a261-00ea9557092f'),
 ('50', '49', '3', '1', 'en_us', '4', '', '{\"typeId\":\"3\",\"authorId\":\"1\",\"title\":\"Mormon Prom\",\"slug\":\"mormon-prom\",\"postDate\":1490166000,\"expiryDate\":1493535600,\"enabled\":1,\"parentId\":null,\"fields\":{\"3\":\"<p>Mormon Prom will be held on May 5, 2017.&nbsp;Please register for prom before the deadline <strong>April 21st<\\/strong>. See the <a href=\\\"http:\\/\\/puyallupstakeyouth.org\\/events\\/mormon-prom-2017#entry:48:url\\\">event page<\\/a> for details, and register&nbsp;<a href=\\\"http:\\/\\/grahamwastake.com\\/multi-stake-prom\\/prom-registration\\/\\\">here<\\/a>. The password to register is: LDSYouth and is case sensitive.<br><\\/p>\",\"4\":[\"22\"]}}', '2017-04-10 13:57:02', '2017-04-10 13:57:02', '2fa495d9-5ef7-4348-a029-a0cfbbb74da3'),
 ('51', '48', '4', '1', 'en_us', '3', '', '{\"typeId\":\"4\",\"authorId\":\"1\",\"title\":\"Mormon Prom, 2017\",\"slug\":\"mormon-prom-2017\",\"postDate\":1494036000,\"expiryDate\":1494052200,\"enabled\":1,\"parentId\":null,\"fields\":{\"7\":\"Join us for an Enchanted Evening. There will be a dinner and a dance.\",\"9\":\"1\",\"10\":\"Puyallup and Puyallup South Stake Centers\",\"11\":\"<p>Please register for prom before the deadline <strong>April 21st<\\/strong>. If you have missed this deadline, please contact Sister Doty our Stake YW President.<\\/p>\\r\\n<p>The registration website is <a href=\\\"http:\\/\\/www.GrahamWaStake.com\\\">www.GrahamWaStake.com<\\/a> Just click on the Prom Registration link. The password to register is: LDSYouth and is case sensitive.<\\/p>\\r\\n<p>See invitation below for other details.<\\/p>\\r\\n<p><img src=\\\"http:\\/\\/puyallupstakeyouth.org\\/images\\/uploads\\/finalpromcorrectqr.jpg#asset:47:url\\\" alt=\\\"finalpromcorrectqr.jpg#asset:47\\\"><br><\\/p>\",\"12\":\"\",\"13\":\"http:\\/\\/grahamwastake.com\\/multi-stake-prom\\/prom-registration\\/\",\"24\":\"Mormon Prom\",\"6\":[\"22\"]}}', '2017-04-10 14:01:25', '2017-04-10 14:01:25', '6d1bea8d-d6e5-42d4-83e1-fb0a0df9eea0'),
 ('52', '48', '4', '1', 'en_us', '4', '', '{\"typeId\":\"4\",\"authorId\":\"1\",\"title\":\"Mormon Prom, 2017\",\"slug\":\"mormon-prom-2017\",\"postDate\":1494036000,\"expiryDate\":1494052200,\"enabled\":1,\"parentId\":null,\"fields\":{\"7\":\"Join us for an Enchanted Evening. There will be a dinner and a dance.\",\"9\":\"1\",\"10\":\"Puyallup and Puyallup South Stake Centers\",\"11\":\"<p>Please register for prom before the deadline <strong>April 21st<\\/strong>. If you have missed this deadline, please contact Sister Amber Doty, our Stake YW President for assistance.<\\/p>\\r\\n<p>The registration website is <a href=\\\"http:\\/\\/www.GrahamWaStake.com\\\">www.GrahamWaStake.com<\\/a> Just click on the Prom Registration link. The password to register is: LDSYouth and is case sensitive.<\\/p>\\r\\n<p>See invitation below for other details.<\\/p>\\r\\n<p><img src=\\\"http:\\/\\/puyallupstakeyouth.org\\/images\\/uploads\\/finalpromcorrectqr.jpg#asset:47:url\\\" alt=\\\"finalpromcorrectqr.jpg#asset:47\\\"><br><\\/p>\",\"12\":\"\",\"13\":\"http:\\/\\/grahamwastake.com\\/multi-stake-prom\\/prom-registration\\/\",\"24\":\"Mormon Prom\",\"6\":[\"22\"]}}', '2017-04-10 14:02:07', '2017-04-10 14:02:07', '18226adf-dabb-43b7-af95-a96c53da6d0a'),
 ('53', '48', '4', '1', 'en_us', '5', '', '{\"typeId\":\"4\",\"authorId\":\"1\",\"title\":\"Mormon Prom, 2017\",\"slug\":\"mormon-prom-2017\",\"postDate\":1494036000,\"expiryDate\":1494052200,\"enabled\":1,\"parentId\":null,\"fields\":{\"7\":\"Join us for an Enchanted Evening. There will be a dinner and a dance.\",\"9\":\"1\",\"10\":\"Puyallup and Puyallup South Stake Centers\",\"11\":\"<p>Please register for prom before the deadline <strong>April 21st<\\/strong>. If you have missed this deadline, please contact Sister Amber Doty, our Stake YW President for assistance.<\\/p>\\r\\n<p>The registration website is <a href=\\\"http:\\/\\/www.GrahamWaStake.com\\\">www.GrahamWaStake.com<\\/a>. Just click on the Prom Registration link. The password to register is: <em><\\/em><strong><em>LDSYouth<\\/em><\\/strong> and is case sensitive.<\\/p>\\r\\n<p>See invitation below for other details.<\\/p>\\r\\n<p><img src=\\\"http:\\/\\/puyallupstakeyouth.org\\/images\\/uploads\\/finalpromcorrectqr.jpg#asset:47:url\\\" alt=\\\"finalpromcorrectqr.jpg#asset:47\\\"><br><\\/p>\",\"12\":\"\",\"13\":\"http:\\/\\/grahamwastake.com\\/multi-stake-prom\\/prom-registration\\/\",\"24\":\"Mormon Prom\",\"6\":[\"22\"]}}', '2017-04-10 14:03:13', '2017-04-10 14:03:13', '646b4c3d-e18b-4793-b280-42cb7e64414c'),
 ('54', '49', '3', '1', 'en_us', '5', '', '{\"typeId\":\"3\",\"authorId\":\"1\",\"title\":\"Mormon Prom\",\"slug\":\"mormon-prom\",\"postDate\":1490166000,\"expiryDate\":1493535600,\"enabled\":1,\"parentId\":null,\"fields\":{\"3\":\"<p>Mormon Prom will be held on May 5, 2017.&nbsp;Please register for prom before the deadline <strong>April 21st<\\/strong>. See the <a href=\\\"http:\\/\\/puyallupstakeyouth.org\\/events\\/mormon-prom-2017#entry:48:url\\\">event page<\\/a> for details, and register&nbsp;<a href=\\\"http:\\/\\/grahamwastake.com\\/multi-stake-prom\\/prom-registration\\/\\\">here<\\/a>. The password to register is: <em><\\/em><strong><em>LDSYouth<\\/em><\\/strong> and is case sensitive.<br><\\/p>\",\"4\":[\"22\"]}}', '2017-04-10 14:03:49', '2017-04-10 14:03:49', '7c4787cb-96dc-4a3d-b4f0-5e2057292dd9');



DROP TABLE IF EXISTS `craft_fieldgroups`;


--
-- Schema for table `craft_fieldgroups`
--
CREATE TABLE `craft_fieldgroups` (
  `id` int(11) NOT NULL AUTO_INCREMENT,
  `name` varchar(255) COLLATE utf8_unicode_ci NOT NULL,
  `dateCreated` datetime NOT NULL,
  `dateUpdated` datetime NOT NULL,
  `uid` char(36) COLLATE utf8_unicode_ci NOT NULL DEFAULT '0',
  PRIMARY KEY (`id`),
  UNIQUE KEY `craft_fieldgroups_name_unq_idx` (`name`)
) ENGINE=InnoDB AUTO_INCREMENT=6 DEFAULT CHARSET=utf8 COLLATE=utf8_unicode_ci;

--
-- Data for table `craft_fieldgroups`
--

INSERT INTO `craft_fieldgroups` (`id`, `name`, `dateCreated`, `dateUpdated`, `uid`) VALUES
 ('1', 'Default', '2017-02-28 16:39:53', '2017-02-28 16:39:53', '4f3c0ce7-c72d-4009-8f9a-98ed455b4952'),
 ('2', 'Announcements', '2017-03-01 14:57:09', '2017-03-01 14:57:09', 'a0815ea4-b311-49d6-8b99-32a0c67c7d6f'),
 ('3', 'Events', '2017-03-01 15:14:52', '2017-03-01 15:14:52', 'f0095737-f3a8-4f2f-aefe-4fea24683465'),
 ('4', 'Youth Members', '2017-03-01 15:54:53', '2017-03-01 15:54:53', 'cc0e46e7-8368-4e42-b613-66d822d09891'),
 ('5', 'Homepage', '2017-03-15 14:33:18', '2017-03-15 14:33:18', '0271c07f-e4a7-41ec-b846-7f39faa5e227');



DROP TABLE IF EXISTS `craft_fieldlayoutfields`;


--
-- Schema for table `craft_fieldlayoutfields`
--
CREATE TABLE `craft_fieldlayoutfields` (
  `id` int(11) NOT NULL AUTO_INCREMENT,
  `layoutId` int(11) NOT NULL,
  `tabId` int(11) NOT NULL,
  `fieldId` int(11) NOT NULL,
  `required` tinyint(1) unsigned NOT NULL DEFAULT '0',
  `sortOrder` smallint(6) unsigned DEFAULT NULL,
  `dateCreated` datetime NOT NULL,
  `dateUpdated` datetime NOT NULL,
  `uid` char(36) COLLATE utf8_unicode_ci NOT NULL DEFAULT '0',
  PRIMARY KEY (`id`),
  UNIQUE KEY `craft_fieldlayoutfields_layoutId_fieldId_unq_idx` (`layoutId`,`fieldId`),
  KEY `craft_fieldlayoutfields_sortOrder_idx` (`sortOrder`),
  KEY `craft_fieldlayoutfields_tabId_fk` (`tabId`),
  KEY `craft_fieldlayoutfields_fieldId_fk` (`fieldId`)
) ENGINE=InnoDB AUTO_INCREMENT=71 DEFAULT CHARSET=utf8 COLLATE=utf8_unicode_ci;

--
-- Data for table `craft_fieldlayoutfields`
--

INSERT INTO `craft_fieldlayoutfields` (`id`, `layoutId`, `tabId`, `fieldId`, `required`, `sortOrder`, `dateCreated`, `dateUpdated`, `uid`) VALUES
 ('4', '13', '3', '3', '0', '1', '2017-03-01 16:36:57', '2017-03-01 16:36:57', 'ea4e0767-795e-4c1e-8d90-f854b8d615ad'),
 ('5', '13', '4', '4', '0', '1', '2017-03-01 16:36:57', '2017-03-01 16:36:57', '95a203cc-36a2-44c3-b4a3-de94f78198d4'),
 ('40', '18', '17', '14', '0', '1', '2017-03-01 16:45:30', '2017-03-01 16:45:30', '26851644-caea-438b-b040-08081976de7e'),
 ('41', '18', '17', '15', '0', '2', '2017-03-01 16:45:30', '2017-03-01 16:45:30', '4b34fb98-c4f7-4add-9d9b-825f506a3d6a'),
 ('42', '18', '17', '16', '0', '3', '2017-03-01 16:45:30', '2017-03-01 16:45:30', 'de1deba7-2c3e-445b-b19b-03c15efe91d2'),
 ('43', '18', '17', '19', '0', '4', '2017-03-01 16:45:30', '2017-03-01 16:45:30', 'e3a44378-7a2e-4de0-a569-e68f788e5d9c'),
 ('44', '18', '17', '17', '0', '5', '2017-03-01 16:45:30', '2017-03-01 16:45:30', '3add56b2-acd2-4d60-9332-f87f5797359d'),
 ('45', '18', '18', '20', '0', '1', '2017-03-01 16:45:30', '2017-03-01 16:45:30', '1fcaab32-2ce6-4649-8b1c-59c1fe2e95d9'),
 ('46', '18', '19', '18', '0', '1', '2017-03-01 16:45:30', '2017-03-01 16:45:30', '682b40fa-a867-49e8-be72-d40de26eb531'),
 ('50', '22', '21', '21', '0', '1', '2017-03-15 14:55:49', '2017-03-15 14:55:49', 'cf9ab945-d73f-457f-b573-6f38c0c38a70'),
 ('51', '22', '21', '22', '0', '2', '2017-03-15 14:55:49', '2017-03-15 14:55:49', '27802e61-aeee-4d5b-9252-b54ee82374e4'),
 ('52', '22', '21', '23', '0', '3', '2017-03-15 14:55:49', '2017-03-15 14:55:49', 'ffa82e9a-d767-48e8-ab8c-453affd9021f'),
 ('63', '24', '26', '24', '0', '1', '2017-03-15 22:46:07', '2017-03-15 22:46:07', '36079427-846a-4681-802d-c5fb3a958d7d'),
 ('64', '24', '26', '7', '0', '2', '2017-03-15 22:46:07', '2017-03-15 22:46:07', 'c08232a5-753f-4bed-9f02-9783ae7e7da8'),
 ('65', '24', '26', '10', '0', '3', '2017-03-15 22:46:07', '2017-03-15 22:46:07', '48124b62-2bbf-431a-b85e-80b30eaf52bd'),
 ('66', '24', '26', '11', '0', '4', '2017-03-15 22:46:07', '2017-03-15 22:46:07', '28e4f0e3-4d79-4da1-b28d-8ab35ee161ef'),
 ('67', '24', '27', '9', '0', '1', '2017-03-15 22:46:07', '2017-03-15 22:46:07', 'f1285bf3-e735-4862-b969-6340bf94d47c'),
 ('68', '24', '27', '13', '0', '2', '2017-03-15 22:46:07', '2017-03-15 22:46:07', 'ed9768f7-bc4a-4f55-a51c-7e7623fe12fa'),
 ('69', '24', '27', '12', '0', '3', '2017-03-15 22:46:07', '2017-03-15 22:46:07', 'cebac8ae-1a35-42e2-94d9-ab6fc3bb1d8b'),
 ('70', '24', '28', '6', '0', '1', '2017-03-15 22:46:07', '2017-03-15 22:46:07', 'e3b151a1-8613-40c9-b069-e481654cc9ff');



DROP TABLE IF EXISTS `craft_fieldlayouts`;


--
-- Schema for table `craft_fieldlayouts`
--
CREATE TABLE `craft_fieldlayouts` (
  `id` int(11) NOT NULL AUTO_INCREMENT,
  `type` varchar(150) COLLATE utf8_unicode_ci NOT NULL,
  `dateCreated` datetime NOT NULL,
  `dateUpdated` datetime NOT NULL,
  `uid` char(36) COLLATE utf8_unicode_ci NOT NULL DEFAULT '0',
  PRIMARY KEY (`id`),
  KEY `craft_fieldlayouts_type_idx` (`type`)
) ENGINE=InnoDB AUTO_INCREMENT=25 DEFAULT CHARSET=utf8 COLLATE=utf8_unicode_ci;

--
-- Data for table `craft_fieldlayouts`
--

INSERT INTO `craft_fieldlayouts` (`id`, `type`, `dateCreated`, `dateUpdated`, `uid`) VALUES
 ('1', 'Tag', '2017-02-28 16:39:53', '2017-02-28 16:39:53', '00fcefb1-952b-4029-9f71-848abf86baca'),
 ('6', 'Asset', '2017-02-28 16:44:59', '2017-02-28 16:44:59', 'f65b1a8c-66d6-4779-b31f-f7a8b5758ac1'),
 ('7', 'Asset', '2017-02-28 16:45:43', '2017-02-28 16:45:43', '265a6870-b8d9-40ae-9ad8-170d7727e693'),
 ('11', 'Category', '2017-03-01 15:00:08', '2017-03-01 15:00:08', 'e032523d-ba4d-46a2-be1b-54b28d8893d8'),
 ('12', 'Category', '2017-03-01 15:00:22', '2017-03-01 15:00:22', '2fd354b8-fe68-4ae9-a85d-2c20f84c923c'),
 ('13', 'Entry', '2017-03-01 16:36:57', '2017-03-01 16:36:57', '18bc366d-7894-49d9-8513-2f1348d55427'),
 ('18', 'Entry', '2017-03-01 16:45:30', '2017-03-01 16:45:30', '5352f750-17d4-4c92-b7dd-edcefdf004d4'),
 ('19', 'Asset', '2017-03-09 23:59:48', '2017-03-09 23:59:48', '6768260a-e079-4d72-bc93-759655f202c2'),
 ('20', 'Asset', '2017-03-12 18:49:07', '2017-03-12 18:49:07', '8bdf324d-321e-4bdf-8216-d259720c97fb'),
 ('22', 'Entry', '2017-03-15 14:55:49', '2017-03-15 14:55:49', '51519136-6997-4dc8-844d-9b4b6c626d95'),
 ('24', 'Entry', '2017-03-15 22:46:07', '2017-03-15 22:46:07', '046964bc-8552-4a5a-97a9-e3d3c60d5b1c');



DROP TABLE IF EXISTS `craft_fieldlayouttabs`;


--
-- Schema for table `craft_fieldlayouttabs`
--
CREATE TABLE `craft_fieldlayouttabs` (
  `id` int(11) NOT NULL AUTO_INCREMENT,
  `layoutId` int(11) NOT NULL,
  `name` varchar(255) COLLATE utf8_unicode_ci NOT NULL,
  `sortOrder` smallint(6) unsigned DEFAULT NULL,
  `dateCreated` datetime NOT NULL,
  `dateUpdated` datetime NOT NULL,
  `uid` char(36) COLLATE utf8_unicode_ci NOT NULL DEFAULT '0',
  PRIMARY KEY (`id`),
  KEY `craft_fieldlayouttabs_sortOrder_idx` (`sortOrder`),
  KEY `craft_fieldlayouttabs_layoutId_fk` (`layoutId`)
) ENGINE=InnoDB AUTO_INCREMENT=29 DEFAULT CHARSET=utf8 COLLATE=utf8_unicode_ci;

--
-- Data for table `craft_fieldlayouttabs`
--

INSERT INTO `craft_fieldlayouttabs` (`id`, `layoutId`, `name`, `sortOrder`, `dateCreated`, `dateUpdated`, `uid`) VALUES
 ('3', '13', 'Announcements', '1', '2017-03-01 16:36:57', '2017-03-01 16:36:57', '41f4c4d4-1a6c-4320-81d8-a127911bfec8'),
 ('4', '13', 'Youth Category', '2', '2017-03-01 16:36:57', '2017-03-01 16:36:57', '30935582-2ac7-4e21-8630-49457689abfb'),
 ('17', '18', 'Youth Members', '1', '2017-03-01 16:45:30', '2017-03-01 16:45:30', '6900be8b-b1a8-48cc-a94d-7d248bb22abf'),
 ('18', '18', 'Youth Category', '2', '2017-03-01 16:45:30', '2017-03-01 16:45:30', '849309fa-6168-4fe5-8c90-ff48e62dbab8'),
 ('19', '18', 'Register', '3', '2017-03-01 16:45:30', '2017-03-01 16:45:30', 'd27c5692-782a-445b-b275-59de34102f88'),
 ('21', '22', 'Home Page Content', '1', '2017-03-15 14:55:49', '2017-03-15 14:55:49', '5be889e0-c8da-44a1-961c-a5ded12ad008'),
 ('26', '24', 'Events', '1', '2017-03-15 22:46:07', '2017-03-15 22:46:07', '4500c3d9-4201-43ee-85d2-c4205fe33809'),
 ('27', '24', 'Registration', '2', '2017-03-15 22:46:07', '2017-03-15 22:46:07', 'fd389c8f-c377-4c02-9151-17391ef9e160'),
 ('28', '24', 'Youth Category', '3', '2017-03-15 22:46:07', '2017-03-15 22:46:07', '2273a68f-d54d-4c6f-bf87-98a98fcd4db7');



DROP TABLE IF EXISTS `craft_fields`;


--
-- Schema for table `craft_fields`
--
CREATE TABLE `craft_fields` (
  `id` int(11) NOT NULL AUTO_INCREMENT,
  `groupId` int(11) DEFAULT NULL,
  `name` varchar(255) COLLATE utf8_unicode_ci NOT NULL,
  `handle` varchar(58) COLLATE utf8_unicode_ci NOT NULL,
  `context` varchar(255) COLLATE utf8_unicode_ci NOT NULL DEFAULT 'global',
  `instructions` text COLLATE utf8_unicode_ci,
  `translatable` tinyint(1) unsigned NOT NULL DEFAULT '0',
  `type` varchar(150) COLLATE utf8_unicode_ci NOT NULL,
  `settings` text COLLATE utf8_unicode_ci,
  `dateCreated` datetime NOT NULL,
  `dateUpdated` datetime NOT NULL,
  `uid` char(36) COLLATE utf8_unicode_ci NOT NULL DEFAULT '0',
  PRIMARY KEY (`id`),
  UNIQUE KEY `craft_fields_handle_context_unq_idx` (`handle`,`context`),
  KEY `craft_fields_context_idx` (`context`),
  KEY `craft_fields_groupId_fk` (`groupId`)
) ENGINE=InnoDB AUTO_INCREMENT=25 DEFAULT CHARSET=utf8 COLLATE=utf8_unicode_ci;

--
-- Data for table `craft_fields`
--

INSERT INTO `craft_fields` (`id`, `groupId`, `name`, `handle`, `context`, `instructions`, `translatable`, `type`, `settings`, `dateCreated`, `dateUpdated`, `uid`) VALUES
 ('1', '1', 'Body', 'body', 'global', NULL, '1', 'RichText', '{\"configFile\":\"Standard.json\",\"columnType\":\"text\"}', '2017-02-28 16:39:53', '2017-02-28 16:39:53', '5d172e73-7ac5-48b8-844d-8d9babd72e9f'),
 ('2', '1', 'Tags', 'tags', 'global', NULL, '0', 'Tags', '{\"source\":\"taggroup:1\"}', '2017-02-28 16:39:53', '2017-02-28 16:39:53', 'b403d5d8-cfaf-4179-b90e-d3493735256e'),
 ('3', '2', 'Announcement Body', 'announcementBody', 'global', 'Enter you announcement copy here.', '0', 'RichText', '{\"configFile\":\"Text.json\",\"availableAssetSources\":\"*\",\"availableTransforms\":\"*\",\"cleanupHtml\":\"1\",\"purifyHtml\":\"1\",\"columnType\":\"text\"}', '2017-03-01 14:59:16', '2017-03-03 16:34:17', '969b9983-3c58-40a0-8724-4a1486ca471e'),
 ('4', '2', 'Youth Category', 'announcementCategory', 'global', 'Assign announcement to Youth Group category here.', '0', 'Categories', '{\"source\":\"group:1\",\"limit\":\"1\",\"selectionLabel\":\"Assign Youth Category\"}', '2017-03-01 15:13:18', '2017-03-01 15:13:18', '0ef0af4c-709a-458c-b641-11d548252151'),
 ('6', '3', 'Youth Category', 'eventCategory', 'global', 'Specify the Youth Group this event applies to.', '0', 'Categories', '{\"source\":\"group:1\",\"limit\":\"1\",\"selectionLabel\":\"Assign Youth Category\"}', '2017-03-01 15:18:55', '2017-03-22 15:08:19', '4259be3d-8a91-4781-b90b-38023dbc9976'),
 ('7', '3', 'Description', 'eventDescription', 'global', 'Enter a brief description of the event here.', '0', 'PlainText', '{\"placeholder\":\"\",\"maxLength\":\"\",\"multiline\":\"1\",\"initialRows\":\"4\"}', '2017-03-01 15:20:09', '2017-03-01 15:20:09', '131fff94-b7eb-48fa-8177-69aae6a83927'),
 ('9', '3', 'Enable Registration', 'enableRegistration', 'global', 'Enable/disable registration for this event', '0', 'Lightswitch', '{\"default\":\"\"}', '2017-03-01 15:22:49', '2017-03-01 15:22:49', '8211a5e9-b4ba-4d36-a0fb-cfca4882663d'),
 ('10', '3', 'Location', 'eventLocation', 'global', 'Specify the event location here.', '0', 'PlainText', '{\"placeholder\":\"Location\",\"maxLength\":\"\",\"multiline\":\"\",\"initialRows\":\"4\"}', '2017-03-01 15:23:30', '2017-03-01 15:23:30', '5844dfe0-8fe9-4f77-b7f4-abba72dcd377'),
 ('11', '3', 'Other Details', 'eventDetails', 'global', 'Add other details (if any) here.', '0', 'RichText', '{\"configFile\":\"Standard.json\",\"availableAssetSources\":\"*\",\"availableTransforms\":\"*\",\"cleanupHtml\":\"1\",\"purifyHtml\":\"1\",\"columnType\":\"mediumtext\"}', '2017-03-01 15:24:19', '2017-03-01 15:24:19', '1da951ef-42c6-47a8-9984-ffeb8d49896e'),
 ('12', '3', 'Registrants', 'eventRegistrants', 'global', 'Manage youth registrants here.', '0', 'Entries', '{\"sources\":[\"section:5\"],\"limit\":\"\",\"selectionLabel\":\"\"}', '2017-03-01 15:25:02', '2017-03-01 15:25:02', '594863ce-daf3-437c-8183-8c7cce150a52'),
 ('13', '3', 'Registration URL', 'registrationUrl', 'global', 'If you are using an external form for registration (i.e. - Google Forms, etc), specify the URL here.', '0', 'VzUrl', '{\"followRedirects\":\"1\"}', '2017-03-01 15:53:24', '2017-03-01 15:54:15', 'feb99050-2e7c-4400-a85a-224f77fc5f67'),
 ('14', '4', 'First Name', 'youthMemberFirstName', 'global', '', '0', 'PlainText', '{\"placeholder\":\"First NAme\",\"maxLength\":\"32\",\"multiline\":\"\",\"initialRows\":\"4\"}', '2017-03-01 15:58:21', '2017-03-01 15:58:21', 'decccff8-b33e-4b97-ba02-b3f7dc1d2e2b'),
 ('15', '4', 'Last Name', 'youthMemberLastName', 'global', '', '0', 'PlainText', '{\"placeholder\":\"Last Name\",\"maxLength\":\"32\",\"multiline\":\"\",\"initialRows\":\"4\"}', '2017-03-01 15:58:49', '2017-03-01 15:58:49', 'bd97d88a-2420-40e5-b952-aa228076e80d'),
 ('16', '4', 'Household Telephone', 'householdTelephone', 'global', '', '0', 'PlainText', '{\"placeholder\":\"Household Telephone\",\"maxLength\":\"12\",\"multiline\":\"\",\"initialRows\":\"4\"}', '2017-03-01 15:59:51', '2017-03-01 15:59:51', '62826518-9840-43d3-a979-b4abbfd96e4e'),
 ('17', '4', 'PIN', 'youthMemberPin', 'global', '4 digit PIN', '0', 'PlainText', '{\"placeholder\":\"4 digit PIN\",\"maxLength\":\"4\",\"multiline\":\"\",\"initialRows\":\"4\"}', '2017-03-01 16:00:43', '2017-03-01 16:00:43', '49838fd4-ed1c-44da-89b4-0aae064f2400'),
 ('18', '4', 'Registered for Events', 'registeredForEvents', 'global', 'Manage events this youth member is registered for', '0', 'Entries', '{\"sources\":[\"section:4\"],\"limit\":\"\",\"selectionLabel\":\"\"}', '2017-03-01 16:01:32', '2017-03-01 16:01:32', 'ae1c53f4-8d4c-427f-8d6e-1a541ff6b2c0'),
 ('19', '4', 'Ward', 'youthMemberWard', 'global', '', '0', 'Categories', '{\"source\":\"group:2\",\"limit\":\"1\",\"selectionLabel\":\"Select your Ward\"}', '2017-03-01 16:02:01', '2017-03-01 16:02:16', 'a1290b9e-b8a3-4c38-9cf1-285477b635a2'),
 ('20', '4', 'Youth Group', 'youthMemberYouthGroup', 'global', '', '0', 'Categories', '{\"source\":\"group:1\",\"limit\":\"1\",\"selectionLabel\":\"Select your Youth Group\"}', '2017-03-01 16:03:00', '2017-03-01 16:03:00', 'a6a765f9-3f6d-4e82-b8ea-031fff89a6bd'),
 ('21', '5', 'Main Image Library', 'homeImageLibrary', 'global', 'Manage the main homepage image slides here. They will be loaded in random order when you navigate to the homepage.', '0', 'Assets', '{\"useSingleFolder\":\"1\",\"sources\":[\"folder:2\"],\"defaultUploadLocationSource\":\"2\",\"defaultUploadLocationSubpath\":\"\",\"singleUploadLocationSource\":\"2\",\"singleUploadLocationSubpath\":\"\",\"restrictFiles\":\"1\",\"allowedKinds\":[\"image\"],\"limit\":\"\",\"viewMode\":\"large\",\"selectionLabel\":\"Add Image(s)\"}', '2017-03-15 14:34:51', '2017-03-15 14:58:24', '23132246-2714-4e84-9045-a052cb9837ff'),
 ('22', '5', 'Quick Registration', 'homeQuickRegister', 'global', 'Select up to 3 events that Youth Members can register for to display in the Quick Register section. ', '0', 'Entries', '{\"sources\":[\"section:4\"],\"limit\":\"3\",\"selectionLabel\":\"Add an Event\"}', '2017-03-15 14:51:55', '2017-03-15 14:51:55', '7849452a-650b-4031-91d4-6abc19b112a5'),
 ('23', '5', 'Inspirational Image', 'homeInspirationImage', 'global', 'Select or upload an inspirational image that will be displayed mid-page.', '0', 'Assets', '{\"useSingleFolder\":\"1\",\"sources\":[\"folder:3\"],\"defaultUploadLocationSource\":\"1\",\"defaultUploadLocationSubpath\":\"\",\"singleUploadLocationSource\":\"3\",\"singleUploadLocationSubpath\":\"\",\"restrictFiles\":\"1\",\"allowedKinds\":[\"image\"],\"limit\":\"1\",\"viewMode\":\"large\",\"selectionLabel\":\"Add Image\"}', '2017-03-15 14:53:32', '2017-03-15 14:53:32', '79733f4c-cbaa-42c6-ac84-7ec2720760d7'),
 ('24', '3', 'Short Title', 'eventShortTitle', 'global', 'This will be used for places on the website where there is limited space (like the Register section on the homepage).', '0', 'PlainText', '{\"placeholder\":\"Short Title\",\"maxLength\":\"\",\"multiline\":\"\",\"initialRows\":\"4\"}', '2017-03-15 15:01:44', '2017-03-15 15:01:44', '855af6f9-1e34-4f2e-8220-eb0c68b1b20f');



DROP TABLE IF EXISTS `craft_globalsets`;


--
-- Schema for table `craft_globalsets`
--
CREATE TABLE `craft_globalsets` (
  `id` int(11) NOT NULL,
  `name` varchar(255) COLLATE utf8_unicode_ci NOT NULL,
  `handle` varchar(255) COLLATE utf8_unicode_ci NOT NULL,
  `fieldLayoutId` int(10) DEFAULT NULL,
  `dateCreated` datetime NOT NULL,
  `dateUpdated` datetime NOT NULL,
  `uid` char(36) COLLATE utf8_unicode_ci NOT NULL DEFAULT '0',
  PRIMARY KEY (`id`),
  UNIQUE KEY `craft_globalsets_name_unq_idx` (`name`),
  UNIQUE KEY `craft_globalsets_handle_unq_idx` (`handle`),
  KEY `craft_globalsets_fieldLayoutId_fk` (`fieldLayoutId`)
) ENGINE=InnoDB DEFAULT CHARSET=utf8 COLLATE=utf8_unicode_ci;

DROP TABLE IF EXISTS `craft_info`;


--
-- Schema for table `craft_info`
--
CREATE TABLE `craft_info` (
  `id` int(11) NOT NULL AUTO_INCREMENT,
  `version` varchar(50) COLLATE utf8_unicode_ci NOT NULL,
  `schemaVersion` varchar(15) COLLATE utf8_unicode_ci NOT NULL,
  `edition` tinyint(1) unsigned NOT NULL DEFAULT '0',
  `siteName` varchar(100) COLLATE utf8_unicode_ci NOT NULL,
  `siteUrl` varchar(255) COLLATE utf8_unicode_ci NOT NULL,
  `timezone` varchar(30) COLLATE utf8_unicode_ci DEFAULT NULL,
  `on` tinyint(1) unsigned NOT NULL DEFAULT '0',
  `maintenance` tinyint(1) unsigned NOT NULL DEFAULT '0',
  `dateCreated` datetime NOT NULL,
  `dateUpdated` datetime NOT NULL,
  `uid` char(36) COLLATE utf8_unicode_ci NOT NULL DEFAULT '0',
  PRIMARY KEY (`id`)
) ENGINE=InnoDB AUTO_INCREMENT=2 DEFAULT CHARSET=utf8 COLLATE=utf8_unicode_ci;

--
-- Data for table `craft_info`
--

INSERT INTO `craft_info` (`id`, `version`, `schemaVersion`, `edition`, `siteName`, `siteUrl`, `timezone`, `on`, `maintenance`, `dateCreated`, `dateUpdated`, `uid`) VALUES
 ('1', '2.6.2968', '2.6.9', '0', 'Puyallup Stake Youth', 'http://puyallupstakeyouth.org', 'America/Vancouver', '1', '1', '2017-02-28 16:39:50', '2017-04-12 22:34:54', '32a0b15b-104a-4d31-9589-4ed58f168232');



DROP TABLE IF EXISTS `craft_locales`;


--
-- Schema for table `craft_locales`
--
CREATE TABLE `craft_locales` (
  `locale` char(12) COLLATE utf8_unicode_ci NOT NULL,
  `sortOrder` smallint(6) unsigned DEFAULT NULL,
  `dateCreated` datetime NOT NULL,
  `dateUpdated` datetime NOT NULL,
  `uid` char(36) COLLATE utf8_unicode_ci NOT NULL DEFAULT '0',
  PRIMARY KEY (`locale`),
  KEY `craft_locales_sortOrder_idx` (`sortOrder`)
) ENGINE=InnoDB DEFAULT CHARSET=utf8 COLLATE=utf8_unicode_ci;

--
-- Data for table `craft_locales`
--

INSERT INTO `craft_locales` (`locale`, `sortOrder`, `dateCreated`, `dateUpdated`, `uid`) VALUES
 ('en_us', '1', '2017-02-28 16:39:50', '2017-02-28 16:39:50', '836d6795-e84c-4b19-b0f4-ac2a286c42fb');



DROP TABLE IF EXISTS `craft_matrixblocks`;


--
-- Schema for table `craft_matrixblocks`
--
CREATE TABLE `craft_matrixblocks` (
  `id` int(11) NOT NULL,
  `ownerId` int(11) NOT NULL,
  `fieldId` int(11) NOT NULL,
  `typeId` int(11) DEFAULT NULL,
  `sortOrder` smallint(6) unsigned DEFAULT NULL,
  `ownerLocale` char(12) COLLATE utf8_unicode_ci DEFAULT NULL,
  `dateCreated` datetime NOT NULL,
  `dateUpdated` datetime NOT NULL,
  `uid` char(36) COLLATE utf8_unicode_ci NOT NULL DEFAULT '0',
  PRIMARY KEY (`id`),
  KEY `craft_matrixblocks_ownerId_idx` (`ownerId`),
  KEY `craft_matrixblocks_fieldId_idx` (`fieldId`),
  KEY `craft_matrixblocks_typeId_idx` (`typeId`),
  KEY `craft_matrixblocks_sortOrder_idx` (`sortOrder`),
  KEY `craft_matrixblocks_ownerLocale_fk` (`ownerLocale`)
) ENGINE=InnoDB DEFAULT CHARSET=utf8 COLLATE=utf8_unicode_ci;

DROP TABLE IF EXISTS `craft_matrixblocktypes`;


--
-- Schema for table `craft_matrixblocktypes`
--
CREATE TABLE `craft_matrixblocktypes` (
  `id` int(11) NOT NULL AUTO_INCREMENT,
  `fieldId` int(11) NOT NULL,
  `fieldLayoutId` int(11) DEFAULT NULL,
  `name` varchar(255) COLLATE utf8_unicode_ci NOT NULL,
  `handle` varchar(255) COLLATE utf8_unicode_ci NOT NULL,
  `sortOrder` smallint(6) unsigned DEFAULT NULL,
  `dateCreated` datetime NOT NULL,
  `dateUpdated` datetime NOT NULL,
  `uid` char(36) COLLATE utf8_unicode_ci NOT NULL DEFAULT '0',
  PRIMARY KEY (`id`),
  UNIQUE KEY `craft_matrixblocktypes_name_fieldId_unq_idx` (`name`,`fieldId`),
  UNIQUE KEY `craft_matrixblocktypes_handle_fieldId_unq_idx` (`handle`,`fieldId`),
  KEY `craft_matrixblocktypes_fieldId_fk` (`fieldId`),
  KEY `craft_matrixblocktypes_fieldLayoutId_fk` (`fieldLayoutId`)
) ENGINE=InnoDB DEFAULT CHARSET=utf8 COLLATE=utf8_unicode_ci;

DROP TABLE IF EXISTS `craft_migrations`;


--
-- Schema for table `craft_migrations`
--
CREATE TABLE `craft_migrations` (
  `id` int(11) NOT NULL AUTO_INCREMENT,
  `pluginId` int(11) DEFAULT NULL,
  `version` varchar(255) COLLATE utf8_unicode_ci NOT NULL,
  `applyTime` datetime NOT NULL,
  `dateCreated` datetime NOT NULL,
  `dateUpdated` datetime NOT NULL,
  `uid` char(36) COLLATE utf8_unicode_ci NOT NULL DEFAULT '0',
  PRIMARY KEY (`id`),
  UNIQUE KEY `craft_migrations_version_unq_idx` (`version`),
  KEY `craft_migrations_pluginId_fk` (`pluginId`)
) ENGINE=InnoDB AUTO_INCREMENT=40 DEFAULT CHARSET=utf8 COLLATE=utf8_unicode_ci;

--
-- Data for table `craft_migrations`
--

INSERT INTO `craft_migrations` (`id`, `pluginId`, `version`, `applyTime`, `dateCreated`, `dateUpdated`, `uid`) VALUES
 ('1', NULL, 'm000000_000000_base', '2017-02-28 16:39:50', '2017-02-28 16:39:50', '2017-02-28 16:39:50', 'b991c9db-d3ef-4a15-9a22-f7ab2e21b5f9'),
 ('2', NULL, 'm140730_000001_add_filename_and_format_to_transformindex', '2017-02-28 16:39:50', '2017-02-28 16:39:50', '2017-02-28 16:39:50', 'c18b5a54-dd6f-4d63-9a11-2cd600e0b877'),
 ('3', NULL, 'm140815_000001_add_format_to_transforms', '2017-02-28 16:39:50', '2017-02-28 16:39:50', '2017-02-28 16:39:50', 'd54648b5-8b86-45af-a76d-d9db12fa9448'),
 ('4', NULL, 'm140822_000001_allow_more_than_128_items_per_field', '2017-02-28 16:39:50', '2017-02-28 16:39:50', '2017-02-28 16:39:50', '24dba8e5-ac2d-4338-82d2-dda77b4a4752'),
 ('5', NULL, 'm140829_000001_single_title_formats', '2017-02-28 16:39:50', '2017-02-28 16:39:50', '2017-02-28 16:39:50', 'f593b43b-3dd7-4f9e-8b68-0ead33518da5'),
 ('6', NULL, 'm140831_000001_extended_cache_keys', '2017-02-28 16:39:50', '2017-02-28 16:39:50', '2017-02-28 16:39:50', '16d50365-84f8-4c4a-806b-32fbe9fa9837'),
 ('7', NULL, 'm140922_000001_delete_orphaned_matrix_blocks', '2017-02-28 16:39:50', '2017-02-28 16:39:50', '2017-02-28 16:39:50', '800f946d-f9a5-4d3c-993f-ba078e323e0d'),
 ('8', NULL, 'm141008_000001_elements_index_tune', '2017-02-28 16:39:50', '2017-02-28 16:39:50', '2017-02-28 16:39:50', '4eff2dcf-e881-4c2a-8603-70d8796950fa'),
 ('9', NULL, 'm141009_000001_assets_source_handle', '2017-02-28 16:39:50', '2017-02-28 16:39:50', '2017-02-28 16:39:50', 'bc8b7192-013a-4e4b-b576-28b9da3dba9c'),
 ('10', NULL, 'm141024_000001_field_layout_tabs', '2017-02-28 16:39:50', '2017-02-28 16:39:50', '2017-02-28 16:39:50', 'd8193f9d-41da-4d63-8c14-1fcb9f0323c3'),
 ('11', NULL, 'm141030_000000_plugin_schema_versions', '2017-02-28 16:39:50', '2017-02-28 16:39:50', '2017-02-28 16:39:50', 'cf4f8815-eb05-443f-a827-140989fec27e'),
 ('12', NULL, 'm141030_000001_drop_structure_move_permission', '2017-02-28 16:39:50', '2017-02-28 16:39:50', '2017-02-28 16:39:50', 'd3739ec8-2d8a-4124-aa42-a910da96d7a7'),
 ('13', NULL, 'm141103_000001_tag_titles', '2017-02-28 16:39:50', '2017-02-28 16:39:50', '2017-02-28 16:39:50', 'f06eba11-e509-4a80-8672-4abf1be62196'),
 ('14', NULL, 'm141109_000001_user_status_shuffle', '2017-02-28 16:39:50', '2017-02-28 16:39:50', '2017-02-28 16:39:50', '528afc36-e87d-4591-8dba-dbc703f29227'),
 ('15', NULL, 'm141126_000001_user_week_start_day', '2017-02-28 16:39:50', '2017-02-28 16:39:50', '2017-02-28 16:39:50', '5f08dc85-c1c4-4356-9e4c-bd4009aa6251'),
 ('16', NULL, 'm150210_000001_adjust_user_photo_size', '2017-02-28 16:39:50', '2017-02-28 16:39:50', '2017-02-28 16:39:50', 'e3b44c7f-557a-4619-b311-7609e815e821'),
 ('17', NULL, 'm150724_000001_adjust_quality_settings', '2017-02-28 16:39:50', '2017-02-28 16:39:50', '2017-02-28 16:39:50', 'ccd58ce3-116a-40d1-93fe-1fb4f60f426d'),
 ('18', NULL, 'm150827_000000_element_index_settings', '2017-02-28 16:39:50', '2017-02-28 16:39:50', '2017-02-28 16:39:50', '83297d67-23d4-4370-8714-87343c592ca0'),
 ('19', NULL, 'm150918_000001_add_colspan_to_widgets', '2017-02-28 16:39:50', '2017-02-28 16:39:50', '2017-02-28 16:39:50', '5d57632c-05cc-4230-8112-508cfeee470c'),
 ('20', NULL, 'm151007_000000_clear_asset_caches', '2017-02-28 16:39:50', '2017-02-28 16:39:50', '2017-02-28 16:39:50', '499ef9b5-c5ca-4c11-bb4f-0c9f480d2db3'),
 ('21', NULL, 'm151109_000000_text_url_formats', '2017-02-28 16:39:50', '2017-02-28 16:39:50', '2017-02-28 16:39:50', '301834c4-b69f-4ea4-b9b1-18609585fa5b'),
 ('22', NULL, 'm151110_000000_move_logo', '2017-02-28 16:39:50', '2017-02-28 16:39:50', '2017-02-28 16:39:50', '869cf124-c12c-4163-85fe-6e6253f54c92'),
 ('23', NULL, 'm151117_000000_adjust_image_widthheight', '2017-02-28 16:39:50', '2017-02-28 16:39:50', '2017-02-28 16:39:50', '7ac839c4-f9af-43a6-8109-25789acfcc90'),
 ('24', NULL, 'm151127_000000_clear_license_key_status', '2017-02-28 16:39:50', '2017-02-28 16:39:50', '2017-02-28 16:39:50', 'd31505bf-9ea1-4269-82e2-6e23b998a102'),
 ('25', NULL, 'm151127_000000_plugin_license_keys', '2017-02-28 16:39:50', '2017-02-28 16:39:50', '2017-02-28 16:39:50', 'b2f09cd3-721d-4eda-95f1-bd44cea96ddc'),
 ('26', NULL, 'm151130_000000_update_pt_widget_feeds', '2017-02-28 16:39:50', '2017-02-28 16:39:50', '2017-02-28 16:39:50', '6dbd78de-d038-4e72-ae74-24d7b1538807'),
 ('27', NULL, 'm160114_000000_asset_sources_public_url_default_true', '2017-02-28 16:39:50', '2017-02-28 16:39:50', '2017-02-28 16:39:50', '8df30bc0-38f6-42e7-9a9c-7082d07327e4'),
 ('28', NULL, 'm160223_000000_sortorder_to_smallint', '2017-02-28 16:39:50', '2017-02-28 16:39:50', '2017-02-28 16:39:50', '04ff1423-01ba-42d0-b979-f3998c815b0c'),
 ('29', NULL, 'm160229_000000_set_default_entry_statuses', '2017-02-28 16:39:50', '2017-02-28 16:39:50', '2017-02-28 16:39:50', '450a6388-0281-4900-9dbd-626de4c734a1'),
 ('30', NULL, 'm160304_000000_client_permissions', '2017-02-28 16:39:50', '2017-02-28 16:39:50', '2017-02-28 16:39:50', '2c300e2d-d85b-482d-8baa-1d3d89c71ee0'),
 ('31', NULL, 'm160322_000000_asset_filesize', '2017-02-28 16:39:50', '2017-02-28 16:39:50', '2017-02-28 16:39:50', '3caef3c0-7cc2-4ff6-980a-daf1af85b9b2'),
 ('32', NULL, 'm160503_000000_orphaned_fieldlayouts', '2017-02-28 16:39:50', '2017-02-28 16:39:50', '2017-02-28 16:39:50', '749051e5-6715-4327-a1e2-04d21a6430e9'),
 ('33', NULL, 'm160510_000000_tasksettings', '2017-02-28 16:39:50', '2017-02-28 16:39:50', '2017-02-28 16:39:50', 'f634390e-851e-463e-b8f3-70c26ab41831'),
 ('34', NULL, 'm160829_000000_pending_user_content_cleanup', '2017-02-28 16:39:50', '2017-02-28 16:39:50', '2017-02-28 16:39:50', 'f665e7d4-d527-4e1d-b080-4198c2d8535a'),
 ('35', NULL, 'm160830_000000_asset_index_uri_increase', '2017-02-28 16:39:50', '2017-02-28 16:39:50', '2017-02-28 16:39:50', '4dc002da-4a77-4ebd-bf9c-6652f3dd5709'),
 ('36', NULL, 'm160919_000000_usergroup_handle_title_unique', '2017-02-28 16:39:50', '2017-02-28 16:39:50', '2017-02-28 16:39:50', 'e4746e33-42d4-4815-a43a-42884510debf'),
 ('37', NULL, 'm161108_000000_new_version_format', '2017-02-28 16:39:50', '2017-02-28 16:39:50', '2017-02-28 16:39:50', '6a99023c-f3f3-417f-8179-82eb08991fce'),
 ('38', NULL, 'm161109_000000_index_shuffle', '2017-02-28 16:39:50', '2017-02-28 16:39:50', '2017-02-28 16:39:50', '723f931f-86c8-45ce-8866-34dcff2833e7'),
 ('39', '1', 'm170216_100000_vzurl_to_text_column', '2017-03-01 15:53:49', '2017-03-01 15:53:49', '2017-03-01 15:53:49', 'ec2e1a4c-0893-4e75-88ba-325813ef7ee2');



DROP TABLE IF EXISTS `craft_plugins`;


--
-- Schema for table `craft_plugins`
--
CREATE TABLE `craft_plugins` (
  `id` int(11) NOT NULL AUTO_INCREMENT,
  `class` varchar(150) COLLATE utf8_unicode_ci NOT NULL,
  `version` varchar(15) COLLATE utf8_unicode_ci NOT NULL,
  `schemaVersion` varchar(15) COLLATE utf8_unicode_ci DEFAULT NULL,
  `licenseKey` char(24) COLLATE utf8_unicode_ci DEFAULT NULL,
  `licenseKeyStatus` enum('valid','invalid','mismatched','unknown') COLLATE utf8_unicode_ci NOT NULL DEFAULT 'unknown',
  `enabled` tinyint(1) unsigned NOT NULL DEFAULT '0',
  `settings` text COLLATE utf8_unicode_ci,
  `installDate` datetime NOT NULL,
  `dateCreated` datetime NOT NULL,
  `dateUpdated` datetime NOT NULL,
  `uid` char(36) COLLATE utf8_unicode_ci NOT NULL DEFAULT '0',
  PRIMARY KEY (`id`)
) ENGINE=InnoDB AUTO_INCREMENT=4 DEFAULT CHARSET=utf8 COLLATE=utf8_unicode_ci;

--
-- Data for table `craft_plugins`
--

INSERT INTO `craft_plugins` (`id`, `class`, `version`, `schemaVersion`, `licenseKey`, `licenseKeyStatus`, `enabled`, `settings`, `installDate`, `dateCreated`, `dateUpdated`, `uid`) VALUES
 ('1', 'VzUrl', '1.0.5', '1.2', NULL, 'unknown', '1', NULL, '2017-03-01 15:53:49', '2017-03-01 15:53:49', '2017-04-12 22:34:53', '1b9355f1-db45-4f71-a62b-647a01b30a53'),
 ('2', 'GuestEntries', '1.5.2', '1.0.0', NULL, 'unknown', '1', '{\"allowGuestSubmissions\":\"1\",\"defaultAuthors\":{\"announcements\":\"none\",\"events\":\"1\",\"youthMembers\":\"1\"},\"enabledByDefault\":{\"announcements\":\"\",\"events\":\"1\",\"youthMembers\":\"1\"},\"validateEntry\":{\"announcements\":\"1\",\"events\":\"1\",\"youthMembers\":\"1\"}}', '2017-03-02 23:39:46', '2017-03-02 23:39:46', '2017-04-12 22:34:53', '7b1e7f34-71ee-4ae3-bd59-03200223add1'),
 ('3', 'ElementApi', '1.2.1', '1.0.0', NULL, 'unknown', '1', NULL, '2017-03-02 23:39:47', '2017-03-02 23:39:47', '2017-04-12 22:34:53', 'f08657bb-3877-4917-8deb-2a513fc2518b');



DROP TABLE IF EXISTS `craft_rackspaceaccess`;


--
-- Schema for table `craft_rackspaceaccess`
--
CREATE TABLE `craft_rackspaceaccess` (
  `id` int(11) NOT NULL AUTO_INCREMENT,
  `connectionKey` varchar(255) COLLATE utf8_unicode_ci NOT NULL,
  `token` varchar(255) COLLATE utf8_unicode_ci NOT NULL,
  `storageUrl` varchar(255) COLLATE utf8_unicode_ci NOT NULL,
  `cdnUrl` varchar(255) COLLATE utf8_unicode_ci NOT NULL,
  `dateCreated` datetime NOT NULL,
  `dateUpdated` datetime NOT NULL,
  `uid` char(36) COLLATE utf8_unicode_ci NOT NULL DEFAULT '0',
  PRIMARY KEY (`id`),
  UNIQUE KEY `craft_rackspaceaccess_connectionKey_unq_idx` (`connectionKey`)
) ENGINE=InnoDB DEFAULT CHARSET=utf8 COLLATE=utf8_unicode_ci;

DROP TABLE IF EXISTS `craft_relations`;


--
-- Schema for table `craft_relations`
--
CREATE TABLE `craft_relations` (
  `id` int(11) NOT NULL AUTO_INCREMENT,
  `fieldId` int(11) NOT NULL,
  `sourceId` int(11) NOT NULL,
  `sourceLocale` char(12) COLLATE utf8_unicode_ci DEFAULT NULL,
  `targetId` int(11) NOT NULL,
  `sortOrder` smallint(6) DEFAULT NULL,
  `dateCreated` datetime NOT NULL,
  `dateUpdated` datetime NOT NULL,
  `uid` char(36) COLLATE utf8_unicode_ci NOT NULL DEFAULT '0',
  PRIMARY KEY (`id`),
  UNIQUE KEY `craft_relations_fieldId_sourceId_sourceLocale_targetId_unq_idx` (`fieldId`,`sourceId`,`sourceLocale`,`targetId`),
  KEY `craft_relations_sourceId_fk` (`sourceId`),
  KEY `craft_relations_sourceLocale_fk` (`sourceLocale`),
  KEY `craft_relations_targetId_fk` (`targetId`)
) ENGINE=InnoDB AUTO_INCREMENT=93 DEFAULT CHARSET=utf8 COLLATE=utf8_unicode_ci;

--
-- Data for table `craft_relations`
--

INSERT INTO `craft_relations` (`id`, `fieldId`, `sourceId`, `sourceLocale`, `targetId`, `sortOrder`, `dateCreated`, `dateUpdated`, `uid`) VALUES
 ('20', '6', '41', NULL, '22', '1', '2017-03-12 19:00:14', '2017-03-12 19:00:14', '62c71035-63e5-4e1f-8e92-a34105bc67e6'),
 ('23', '6', '35', NULL, '22', '1', '2017-03-12 19:19:27', '2017-03-12 19:19:27', 'bf75fe2c-0ef2-4029-ac2d-6bd7546ab36f'),
 ('29', '19', '43', NULL, '27', '1', '2017-03-13 07:34:40', '2017-03-13 07:34:40', '63a52238-1e67-429e-a7f8-20c023f0740c'),
 ('30', '20', '43', NULL, '23', '1', '2017-03-13 07:34:40', '2017-03-13 07:34:40', '0cd83a27-c18a-417c-b4e3-1d3c166c8928'),
 ('51', '6', '33', NULL, '22', '1', '2017-03-15 15:04:07', '2017-03-15 15:04:07', '5c6c07a3-cb3f-48fc-b02a-b8b2a2442ee0'),
 ('55', '21', '2', NULL, '8', '1', '2017-03-15 15:05:12', '2017-03-15 15:05:12', 'ea8ca4d5-0902-4273-ad69-441e9e41a37a'),
 ('56', '21', '2', NULL, '9', '2', '2017-03-15 15:05:12', '2017-03-15 15:05:12', '9163ed34-6c2a-4dcd-b160-8c1b20eb19b2'),
 ('57', '21', '2', NULL, '10', '3', '2017-03-15 15:05:12', '2017-03-15 15:05:12', '12e3ac0a-044a-46c0-886d-e5ffed8ff571'),
 ('58', '21', '2', NULL, '11', '4', '2017-03-15 15:05:12', '2017-03-15 15:05:12', '2d715c1b-1a80-4b44-8c0d-0f9de48a2e70'),
 ('59', '21', '2', NULL, '12', '5', '2017-03-15 15:05:12', '2017-03-15 15:05:12', 'cf3b1809-ec50-4314-be62-7933afbaa94e'),
 ('60', '21', '2', NULL, '13', '6', '2017-03-15 15:05:12', '2017-03-15 15:05:12', '33887f33-b3d0-4e83-b91b-d9583ff86754'),
 ('61', '21', '2', NULL, '14', '7', '2017-03-15 15:05:12', '2017-03-15 15:05:12', '472ca89d-ee3d-4487-b1ae-fd1acd967372'),
 ('62', '21', '2', NULL, '15', '8', '2017-03-15 15:05:12', '2017-03-15 15:05:12', '34fdab5f-43c0-4a39-8793-15d3afab1104'),
 ('63', '21', '2', NULL, '16', '9', '2017-03-15 15:05:12', '2017-03-15 15:05:12', '95f04da9-3976-4788-9df2-b92e8b70a77a'),
 ('64', '21', '2', NULL, '17', '10', '2017-03-15 15:05:12', '2017-03-15 15:05:12', 'f5419ab3-0165-4565-b844-eef90e5bcf5a'),
 ('65', '21', '2', NULL, '18', '11', '2017-03-15 15:05:12', '2017-03-15 15:05:12', 'c255946c-5f7e-456a-88eb-38c34f39a963'),
 ('66', '21', '2', NULL, '19', '12', '2017-03-15 15:05:12', '2017-03-15 15:05:12', '8da5aee4-d50e-4055-9242-3322f97ea490'),
 ('67', '21', '2', NULL, '20', '13', '2017-03-15 15:05:12', '2017-03-15 15:05:12', 'e22058a1-4372-496a-b1fc-ffe5252b6de0'),
 ('68', '21', '2', NULL, '21', '14', '2017-03-15 15:05:12', '2017-03-15 15:05:12', 'cfddc5c6-4cb0-4302-a3e3-67eed0cfa69c'),
 ('69', '22', '2', NULL, '33', '1', '2017-03-15 15:05:12', '2017-03-15 15:05:12', 'ea15fc4d-8242-482e-8d89-fd4f377baa09'),
 ('70', '22', '2', NULL, '34', '2', '2017-03-15 15:05:12', '2017-03-15 15:05:12', '0ddc7fb3-28e2-45ad-a008-9dec1ff991c2'),
 ('71', '22', '2', NULL, '42', '3', '2017-03-15 15:05:12', '2017-03-15 15:05:12', 'aeea9c49-93e3-4a32-9905-54eacc315a97'),
 ('72', '23', '2', NULL, '44', '1', '2017-03-15 15:05:12', '2017-03-15 15:05:12', 'fddc8feb-d440-46dc-8387-5fc8300772ee'),
 ('74', '6', '42', NULL, '24', '1', '2017-03-15 15:06:38', '2017-03-15 15:06:38', 'e6c16bd7-9a81-4faa-9544-f67f9339daee'),
 ('75', '19', '45', NULL, '30', '1', '2017-03-17 15:21:52', '2017-03-17 15:21:52', '5e4e8885-458d-4225-8c73-1d4b91520963'),
 ('76', '20', '45', NULL, '23', '1', '2017-03-17 15:21:52', '2017-03-17 15:21:52', '8a646aae-23cd-4796-a184-fd4f9d697251'),
 ('77', '19', '46', NULL, '28', '1', '2017-03-19 07:00:50', '2017-03-19 07:00:50', '6d9a2228-c0e7-4d20-b840-03b87784033c'),
 ('78', '20', '46', NULL, '23', '1', '2017-03-19 07:00:50', '2017-03-19 07:00:50', '9e660426-b17a-42ff-bb7b-3dc6fe48e0ba'),
 ('82', '4', '36', NULL, '22', '1', '2017-03-24 14:20:07', '2017-03-24 14:20:07', 'ee1b141e-4d07-426d-965c-696a2ebc61c0'),
 ('84', '19', '32', NULL, '25', '1', '2017-03-27 19:15:01', '2017-03-27 19:15:01', 'ddd75934-987a-4c75-ba63-13c89a0cc82e'),
 ('85', '20', '32', NULL, '24', '1', '2017-03-27 19:15:01', '2017-03-27 19:15:01', '43849298-33c3-45ca-8030-4269be0772db'),
 ('86', '6', '34', NULL, '23', '1', '2017-04-03 13:41:04', '2017-04-03 13:41:04', '2040c296-0bf5-4686-8818-ef413173432d'),
 ('91', '6', '48', NULL, '22', '1', '2017-04-10 14:03:13', '2017-04-10 14:03:13', '170956f2-c54d-4ac5-9ff1-164cf2152661'),
 ('92', '4', '49', NULL, '22', '1', '2017-04-10 14:03:49', '2017-04-10 14:03:49', 'a5328a18-6dad-43c2-8aaf-9557be5d7180');



DROP TABLE IF EXISTS `craft_routes`;


--
-- Schema for table `craft_routes`
--
CREATE TABLE `craft_routes` (
  `id` int(11) NOT NULL AUTO_INCREMENT,
  `locale` char(12) COLLATE utf8_unicode_ci DEFAULT NULL,
  `urlParts` varchar(255) COLLATE utf8_unicode_ci NOT NULL,
  `urlPattern` varchar(255) COLLATE utf8_unicode_ci NOT NULL,
  `template` varchar(255) COLLATE utf8_unicode_ci NOT NULL,
  `sortOrder` smallint(6) unsigned DEFAULT NULL,
  `dateCreated` datetime NOT NULL,
  `dateUpdated` datetime NOT NULL,
  `uid` char(36) COLLATE utf8_unicode_ci NOT NULL DEFAULT '0',
  PRIMARY KEY (`id`),
  UNIQUE KEY `craft_routes_urlPattern_unq_idx` (`urlPattern`),
  KEY `craft_routes_locale_idx` (`locale`)
) ENGINE=InnoDB AUTO_INCREMENT=2 DEFAULT CHARSET=utf8 COLLATE=utf8_unicode_ci;

--
-- Data for table `craft_routes`
--

INSERT INTO `craft_routes` (`id`, `locale`, `urlParts`, `urlPattern`, `template`, `sortOrder`, `dateCreated`, `dateUpdated`, `uid`) VALUES
 ('1', NULL, '[\"events\\/\",[\"slug\",\"[^\\\\\\/]+\"]]', 'events\\/(?P<slug>[^\\/]+)', 'events/_entry', '1', '2017-03-06 04:15:29', '2017-03-06 04:15:29', '7281e762-bc36-4d9b-a347-09eb6d8a52ec');



DROP TABLE IF EXISTS `craft_searchindex`;


--
-- Schema for table `craft_searchindex`
--
CREATE TABLE `craft_searchindex` (
  `elementId` int(11) NOT NULL,
  `attribute` varchar(25) COLLATE utf8_unicode_ci NOT NULL,
  `fieldId` int(11) NOT NULL,
  `locale` char(12) COLLATE utf8_unicode_ci NOT NULL,
  `keywords` text COLLATE utf8_unicode_ci NOT NULL,
  PRIMARY KEY (`elementId`,`attribute`,`fieldId`,`locale`),
  FULLTEXT KEY `craft_searchindex_keywords_idx` (`keywords`)
) ENGINE=MyISAM DEFAULT CHARSET=utf8 COLLATE=utf8_unicode_ci;

--
-- Data for table `craft_searchindex`
--

INSERT INTO `craft_searchindex` (`elementId`, `attribute`, `fieldId`, `locale`, `keywords`) VALUES
 ('1', 'username', '0', 'en_us', ' admin '),
 ('1', 'firstname', '0', 'en_us', ''),
 ('1', 'lastname', '0', 'en_us', ''),
 ('1', 'fullname', '0', 'en_us', ''),
 ('1', 'email', '0', 'en_us', ' j e hunter icloud com '),
 ('1', 'slug', '0', 'en_us', ''),
 ('2', 'slug', '0', 'en_us', ' homepage '),
 ('2', 'title', '0', 'en_us', ' home page '),
 ('2', 'field', '1', 'en_us', ' it s true this site doesn t have a whole lot of content yet but don t worry our web developers have just installed the cms and they re setting things up for the content editors this very moment soon puyallupstakeyouth org will be an oasis of fresh perspectives sharp analyses and astute opinions that will keep you coming back again and again '),
 ('23', 'title', '0', 'en_us', ' young women '),
 ('24', 'slug', '0', 'en_us', ' young men '),
 ('24', 'title', '0', 'en_us', ' young men '),
 ('25', 'slug', '0', 'en_us', ' bonney lake '),
 ('25', 'title', '0', 'en_us', ' bonney lake '),
 ('26', 'slug', '0', 'en_us', ' clarks creek '),
 ('26', 'title', '0', 'en_us', ' clarks creek '),
 ('27', 'slug', '0', 'en_us', ' lake tapps '),
 ('27', 'title', '0', 'en_us', ' lake tapps '),
 ('23', 'slug', '0', 'en_us', ' young women '),
 ('22', 'slug', '0', 'en_us', ' all youth '),
 ('22', 'title', '0', 'en_us', ' all youth '),
 ('42', 'field', '24', 'en_us', ' camp helaman '),
 ('33', 'field', '24', 'en_us', ' youth conference '),
 ('34', 'field', '24', 'en_us', ' yw camp '),
 ('5', 'filename', '0', 'en_us', ' psy logo svg '),
 ('5', 'extension', '0', 'en_us', ' svg '),
 ('5', 'kind', '0', 'en_us', ' image '),
 ('5', 'slug', '0', 'en_us', ' psy logo '),
 ('5', 'title', '0', 'en_us', ' psy logo '),
 ('29', 'title', '0', 'en_us', ' puyallup '),
 ('29', 'slug', '0', 'en_us', ' puyallup '),
 ('28', 'slug', '0', 'en_us', ' north tapps '),
 ('28', 'title', '0', 'en_us', ' north tapps '),
 ('33', 'field', '11', 'en_us', ''),
 ('33', 'field', '9', 'en_us', ' 1 '),
 ('33', 'field', '7', 'en_us', ''),
 ('33', 'field', '10', 'en_us', ' university of puget sound tacoma '),
 ('8', 'filename', '0', 'en_us', ' cleaning up tree limbs jpg '),
 ('8', 'extension', '0', 'en_us', ' jpg '),
 ('8', 'kind', '0', 'en_us', ' image '),
 ('8', 'slug', '0', 'en_us', ' cleaning up tree limbs '),
 ('8', 'title', '0', 'en_us', ' cleaning up tree limbs '),
 ('9', 'filename', '0', 'en_us', ' girl scriptures flowers jpg '),
 ('9', 'extension', '0', 'en_us', ' jpg '),
 ('9', 'kind', '0', 'en_us', ' image '),
 ('9', 'slug', '0', 'en_us', ' girl scriptures flowers '),
 ('9', 'title', '0', 'en_us', ' girl scriptures flowers '),
 ('10', 'filename', '0', 'en_us', ' girls camp antelope island beach woman young women jpg '),
 ('10', 'extension', '0', 'en_us', ' jpg '),
 ('10', 'kind', '0', 'en_us', ' image '),
 ('10', 'slug', '0', 'en_us', ' girls camp antelope island beach woman young women '),
 ('10', 'title', '0', 'en_us', ' girls camp antelope island beach woman young women '),
 ('11', 'filename', '0', 'en_us', ' handcart pioneer trek reenactment jpg '),
 ('11', 'extension', '0', 'en_us', ' jpg '),
 ('11', 'kind', '0', 'en_us', ' image '),
 ('11', 'slug', '0', 'en_us', ' handcart pioneer trek reenactment '),
 ('11', 'title', '0', 'en_us', ' handcart pioneer trek reenactment '),
 ('12', 'filename', '0', 'en_us', ' peru youth church activity jpg '),
 ('12', 'extension', '0', 'en_us', ' jpg '),
 ('12', 'kind', '0', 'en_us', ' image '),
 ('12', 'slug', '0', 'en_us', ' peru youth church activity '),
 ('12', 'title', '0', 'en_us', ' peru youth church activity '),
 ('13', 'filename', '0', 'en_us', ' pioneer trek jpg '),
 ('13', 'extension', '0', 'en_us', ' jpg '),
 ('13', 'kind', '0', 'en_us', ' image '),
 ('13', 'slug', '0', 'en_us', ' pioneer trek '),
 ('13', 'title', '0', 'en_us', ' pioneer trek '),
 ('14', 'filename', '0', 'en_us', ' seatlle temple lds jpg '),
 ('14', 'extension', '0', 'en_us', ' jpg '),
 ('14', 'kind', '0', 'en_us', ' image '),
 ('14', 'slug', '0', 'en_us', ' seatlle temple lds '),
 ('14', 'title', '0', 'en_us', ' seatlle temple lds '),
 ('15', 'filename', '0', 'en_us', ' seattle temple lds jpg '),
 ('15', 'extension', '0', 'en_us', ' jpg '),
 ('15', 'kind', '0', 'en_us', ' image '),
 ('15', 'slug', '0', 'en_us', ' seattle temple lds '),
 ('15', 'title', '0', 'en_us', ' seattle temple lds '),
 ('16', 'filename', '0', 'en_us', ' seminary class jpg '),
 ('16', 'extension', '0', 'en_us', ' jpg '),
 ('16', 'kind', '0', 'en_us', ' image '),
 ('16', 'slug', '0', 'en_us', ' seminary class '),
 ('16', 'title', '0', 'en_us', ' seminary class '),
 ('17', 'filename', '0', 'en_us', ' teenager prayer jpg '),
 ('17', 'extension', '0', 'en_us', ' jpg '),
 ('17', 'kind', '0', 'en_us', ' image '),
 ('17', 'slug', '0', 'en_us', ' teenager prayer '),
 ('17', 'title', '0', 'en_us', ' teenager prayer '),
 ('18', 'filename', '0', 'en_us', ' young adults studying scriptures jpg '),
 ('18', 'extension', '0', 'en_us', ' jpg '),
 ('18', 'kind', '0', 'en_us', ' image '),
 ('18', 'slug', '0', 'en_us', ' young adults studying scriptures '),
 ('18', 'title', '0', 'en_us', ' young adults studying scriptures '),
 ('19', 'filename', '0', 'en_us', ' young woman praying jpg '),
 ('19', 'extension', '0', 'en_us', ' jpg '),
 ('19', 'kind', '0', 'en_us', ' image '),
 ('19', 'slug', '0', 'en_us', ' young woman praying '),
 ('19', 'title', '0', 'en_us', ' young woman praying '),
 ('20', 'filename', '0', 'en_us', ' young women australia jpg '),
 ('20', 'extension', '0', 'en_us', ' jpg '),
 ('20', 'kind', '0', 'en_us', ' image ');
INSERT INTO `craft_searchindex` (`elementId`, `attribute`, `fieldId`, `locale`, `keywords`) VALUES
 ('20', 'slug', '0', 'en_us', ' young women australia '),
 ('20', 'title', '0', 'en_us', ' young women australia '),
 ('21', 'filename', '0', 'en_us', ' youth playing basketball jpg '),
 ('21', 'extension', '0', 'en_us', ' jpg '),
 ('21', 'kind', '0', 'en_us', ' image '),
 ('21', 'slug', '0', 'en_us', ' youth playing basketball '),
 ('21', 'title', '0', 'en_us', ' youth playing basketball '),
 ('30', 'slug', '0', 'en_us', ' sumner '),
 ('30', 'title', '0', 'en_us', ' sumner '),
 ('31', 'slug', '0', 'en_us', ' surprise lake '),
 ('31', 'title', '0', 'en_us', ' surprise lake '),
 ('32', 'field', '14', 'en_us', ' test '),
 ('32', 'field', '15', 'en_us', ' user '),
 ('32', 'field', '16', 'en_us', ' 123 456 7890 '),
 ('32', 'field', '19', 'en_us', ' bonney lake '),
 ('32', 'field', '17', 'en_us', ' 1234 '),
 ('32', 'field', '20', 'en_us', ' young men '),
 ('32', 'field', '18', 'en_us', ''),
 ('32', 'slug', '0', 'en_us', ' 1234567890 test user '),
 ('32', 'title', '0', 'en_us', ' test user '),
 ('33', 'field', '13', 'en_us', ' https docs google com a hammerquist net forms d e 1faipqlscbyelnkc1ieme99oxajuwvw7mn94lgst_fvz6xgx3iwbj47q viewform c=0 w=1 '),
 ('33', 'field', '12', 'en_us', ''),
 ('33', 'field', '8', 'en_us', ' 0 '),
 ('33', 'field', '5', 'en_us', ''),
 ('33', 'field', '6', 'en_us', ' all youth '),
 ('33', 'slug', '0', 'en_us', ' youth conference 2017 '),
 ('33', 'title', '0', 'en_us', ' youth conference '),
 ('34', 'field', '7', 'en_us', ''),
 ('34', 'field', '10', 'en_us', ' camp nisqually '),
 ('34', 'field', '11', 'en_us', ''),
 ('34', 'field', '9', 'en_us', ' 1 '),
 ('34', 'field', '13', 'en_us', ' https docs google com forms d e 1faipqlsdzcczto1mczagsnccn0qavpklsvcapaujqqcqpqvhinaomnw viewform c=0 w=1 usp=mail_form_link '),
 ('34', 'field', '12', 'en_us', ''),
 ('34', 'field', '8', 'en_us', ' 0 '),
 ('34', 'field', '5', 'en_us', ''),
 ('34', 'field', '6', 'en_us', ' young women '),
 ('34', 'slug', '0', 'en_us', ' yw camp 2017 '),
 ('34', 'title', '0', 'en_us', ' puyallup stake yw camp 2017 '),
 ('35', 'field', '7', 'en_us', ' there will be a fireside at 7pm the dance will be held afterwards '),
 ('35', 'field', '10', 'en_us', ' sumner stake center '),
 ('35', 'field', '11', 'en_us', ''),
 ('35', 'field', '9', 'en_us', ' 0 '),
 ('35', 'field', '13', 'en_us', ''),
 ('35', 'field', '12', 'en_us', ''),
 ('35', 'field', '8', 'en_us', ' 0 '),
 ('35', 'field', '5', 'en_us', ''),
 ('35', 'field', '6', 'en_us', ' all youth '),
 ('35', 'slug', '0', 'en_us', ' stake youth dance 03182017 '),
 ('35', 'title', '0', 'en_us', ' stake youth dance '),
 ('36', 'field', '3', 'en_us', ' it is time to register seminary students for the 2017 2018 school year if you have children who will be in 9th through 12th grades next school year please go to https www lds org si seminary click on the myseminary app and sign in with your lds account username and password to register your children '),
 ('36', 'field', '4', 'en_us', ' all youth '),
 ('36', 'slug', '0', 'en_us', ' seminary registration '),
 ('36', 'title', '0', 'en_us', ' seminary registration '),
 ('37', 'filename', '0', 'en_us', ' 2017 youth theme banner jpg '),
 ('37', 'extension', '0', 'en_us', ' jpg '),
 ('37', 'kind', '0', 'en_us', ' image '),
 ('37', 'slug', '0', 'en_us', ' 2017 youth theme banner '),
 ('37', 'title', '0', 'en_us', ' 2017 youth theme banner '),
 ('39', 'slug', '0', 'en_us', ' stake dance poster '),
 ('39', 'kind', '0', 'en_us', ' image '),
 ('39', 'extension', '0', 'en_us', ' jpg '),
 ('39', 'filename', '0', 'en_us', ' stake_dance_poster jpg '),
 ('39', 'title', '0', 'en_us', ' stake dance poster '),
 ('40', 'filename', '0', 'en_us', ' youth_got_talent jpg '),
 ('40', 'extension', '0', 'en_us', ' jpg '),
 ('40', 'kind', '0', 'en_us', ' image '),
 ('40', 'slug', '0', 'en_us', ' youth got talent '),
 ('40', 'title', '0', 'en_us', ' youth got talent '),
 ('41', 'field', '7', 'en_us', ' dinner at 6 followed by the talent show each ward will share a 10 minute talent or skit bring tissues you might laugh so hard you ll cry '),
 ('41', 'field', '10', 'en_us', ' sumner stake center '),
 ('41', 'field', '11', 'en_us', ''),
 ('41', 'field', '9', 'en_us', ' 0 '),
 ('41', 'field', '13', 'en_us', ''),
 ('41', 'field', '12', 'en_us', ''),
 ('41', 'field', '8', 'en_us', ' 0 '),
 ('41', 'field', '5', 'en_us', ''),
 ('41', 'field', '6', 'en_us', ' all youth '),
 ('41', 'slug', '0', 'en_us', ' stake youths got talent '),
 ('41', 'title', '0', 'en_us', ' stake youth s got talent '),
 ('42', 'field', '7', 'en_us', ' for all young men who will be 16 as of july 4th 2017 '),
 ('42', 'field', '10', 'en_us', ' ensign ranch '),
 ('42', 'field', '11', 'en_us', ' see details at camphelamanfederalway com '),
 ('42', 'field', '9', 'en_us', ' 1 '),
 ('42', 'field', '13', 'en_us', ' http www camphelamanfederalway com registration '),
 ('42', 'field', '12', 'en_us', ''),
 ('42', 'field', '8', 'en_us', ' 0 '),
 ('42', 'field', '5', 'en_us', ''),
 ('42', 'field', '6', 'en_us', ' young men '),
 ('42', 'slug', '0', 'en_us', ' camp helaman 2017 '),
 ('42', 'title', '0', 'en_us', ' camp helaman 2017 '),
 ('43', 'field', '14', 'en_us', ' ashley '),
 ('43', 'field', '15', 'en_us', ' allison '),
 ('43', 'field', '16', 'en_us', ' 253 862 5223 '),
 ('43', 'field', '19', 'en_us', ' lake tapps '),
 ('43', 'field', '17', 'en_us', ' 1212 '),
 ('43', 'field', '20', 'en_us', ' young women '),
 ('43', 'field', '18', 'en_us', ''),
 ('43', 'slug', '0', 'en_us', ' 2538625223 ashley allison '),
 ('43', 'title', '0', 'en_us', ' ashley allison '),
 ('2', 'field', '21', 'en_us', ' cleaning up tree limbs girl scriptures flowers girls camp antelope island beach woman young women handcart pioneer trek reenactment peru youth church activity pioneer trek seatlle temple lds seattle temple lds seminary class teenager prayer young adults studying scriptures young woman praying young women australia youth playing basketball ');
INSERT INTO `craft_searchindex` (`elementId`, `attribute`, `fieldId`, `locale`, `keywords`) VALUES
 ('2', 'field', '22', 'en_us', ''),
 ('2', 'field', '23', 'en_us', ' meme holland hope journey '),
 ('44', 'filename', '0', 'en_us', ' meme holland hope journey jpg '),
 ('44', 'extension', '0', 'en_us', ' jpg '),
 ('44', 'kind', '0', 'en_us', ' image '),
 ('44', 'slug', '0', 'en_us', ' meme holland hope journey '),
 ('44', 'title', '0', 'en_us', ' meme holland hope journey '),
 ('45', 'field', '14', 'en_us', ' braylee '),
 ('45', 'field', '15', 'en_us', ' conine '),
 ('45', 'field', '16', 'en_us', ' 253 880 2347 '),
 ('45', 'field', '19', 'en_us', ''),
 ('45', 'field', '17', 'en_us', ' 0605 '),
 ('45', 'field', '20', 'en_us', ''),
 ('45', 'field', '18', 'en_us', ''),
 ('45', 'slug', '0', 'en_us', ' 2538802347 braylee conine '),
 ('45', 'title', '0', 'en_us', ' braylee conine '),
 ('46', 'field', '14', 'en_us', ' hannah '),
 ('46', 'field', '15', 'en_us', ' harrington '),
 ('46', 'field', '16', 'en_us', ' 253 826 5117 '),
 ('46', 'field', '19', 'en_us', ''),
 ('46', 'field', '17', 'en_us', ' 0509 '),
 ('46', 'field', '20', 'en_us', ''),
 ('46', 'field', '18', 'en_us', ''),
 ('46', 'slug', '0', 'en_us', ' 2538265117 hannah harrington '),
 ('46', 'title', '0', 'en_us', ' hannah harrington '),
 ('47', 'filename', '0', 'en_us', ' finalpromcorrectqr jpg '),
 ('47', 'extension', '0', 'en_us', ' jpg '),
 ('47', 'kind', '0', 'en_us', ' image '),
 ('47', 'slug', '0', 'en_us', ' finalpromcorrectqr '),
 ('47', 'title', '0', 'en_us', ' finalpromcorrectqr '),
 ('48', 'field', '24', 'en_us', ' mormon prom '),
 ('48', 'field', '7', 'en_us', ' join us for an enchanted evening there will be a dinner and a dance '),
 ('48', 'field', '10', 'en_us', ' puyallup and puyallup south stake centers '),
 ('48', 'field', '11', 'en_us', ' please register for prom before the deadline april 21st if you have missed this deadline please contact sister amber doty our stake yw president for assistance the registration website is www grahamwastake com just click on the prom registration link the password to register is ldsyouth and is case sensitive see invitation below for other details '),
 ('48', 'field', '9', 'en_us', ' 1 '),
 ('48', 'field', '13', 'en_us', ' http grahamwastake com multi stake prom prom registration '),
 ('48', 'field', '12', 'en_us', ''),
 ('48', 'field', '6', 'en_us', ' all youth '),
 ('48', 'slug', '0', 'en_us', ' mormon prom 2017 '),
 ('48', 'title', '0', 'en_us', ' mormon prom 2017 '),
 ('49', 'field', '3', 'en_us', ' mormon prom will be held on may 5 2017 please register for prom before the deadline april 21st see the event page for details and register here the password to register is ldsyouth and is case sensitive '),
 ('49', 'field', '4', 'en_us', ' all youth '),
 ('49', 'slug', '0', 'en_us', ' mormon prom '),
 ('49', 'title', '0', 'en_us', ' mormon prom ');



DROP TABLE IF EXISTS `craft_sections`;


--
-- Schema for table `craft_sections`
--
CREATE TABLE `craft_sections` (
  `id` int(11) NOT NULL AUTO_INCREMENT,
  `structureId` int(11) DEFAULT NULL,
  `name` varchar(255) COLLATE utf8_unicode_ci NOT NULL,
  `handle` varchar(255) COLLATE utf8_unicode_ci NOT NULL,
  `type` enum('single','channel','structure') COLLATE utf8_unicode_ci NOT NULL DEFAULT 'channel',
  `hasUrls` tinyint(1) unsigned NOT NULL DEFAULT '1',
  `template` varchar(500) COLLATE utf8_unicode_ci DEFAULT NULL,
  `enableVersioning` tinyint(1) unsigned NOT NULL DEFAULT '0',
  `dateCreated` datetime NOT NULL,
  `dateUpdated` datetime NOT NULL,
  `uid` char(36) COLLATE utf8_unicode_ci NOT NULL DEFAULT '0',
  PRIMARY KEY (`id`),
  UNIQUE KEY `craft_sections_name_unq_idx` (`name`),
  UNIQUE KEY `craft_sections_handle_unq_idx` (`handle`),
  KEY `craft_sections_structureId_fk` (`structureId`)
) ENGINE=InnoDB AUTO_INCREMENT=6 DEFAULT CHARSET=utf8 COLLATE=utf8_unicode_ci;

--
-- Data for table `craft_sections`
--

INSERT INTO `craft_sections` (`id`, `structureId`, `name`, `handle`, `type`, `hasUrls`, `template`, `enableVersioning`, `dateCreated`, `dateUpdated`, `uid`) VALUES
 ('1', NULL, 'Homepage', 'homepage', 'single', '1', 'index', '1', '2017-02-28 16:39:53', '2017-02-28 16:39:53', '3c15dd9a-0ed2-4c6c-95d5-5481ca9e4b3b'),
 ('3', NULL, 'Announcements', 'announcements', 'channel', '0', NULL, '1', '2017-03-01 14:51:23', '2017-03-01 14:51:23', '5b88da0e-d1be-4e4a-ae99-50eef2c40294'),
 ('4', NULL, 'Events', 'events', 'channel', '1', 'events/_entry', '1', '2017-03-01 14:51:43', '2017-03-01 14:51:43', 'fb9532f7-870f-4856-8799-98022f823fe3'),
 ('5', NULL, 'Youth Members', 'youthMembers', 'channel', '0', NULL, '1', '2017-03-01 14:51:59', '2017-03-01 15:55:59', 'b9a13d07-47ce-4e9a-a396-8621ff03ed10');



DROP TABLE IF EXISTS `craft_sections_i18n`;


--
-- Schema for table `craft_sections_i18n`
--
CREATE TABLE `craft_sections_i18n` (
  `id` int(11) NOT NULL AUTO_INCREMENT,
  `sectionId` int(11) NOT NULL,
  `locale` char(12) COLLATE utf8_unicode_ci NOT NULL,
  `enabledByDefault` tinyint(1) unsigned NOT NULL DEFAULT '1',
  `urlFormat` text COLLATE utf8_unicode_ci,
  `nestedUrlFormat` text COLLATE utf8_unicode_ci,
  `dateCreated` datetime NOT NULL,
  `dateUpdated` datetime NOT NULL,
  `uid` char(36) COLLATE utf8_unicode_ci NOT NULL DEFAULT '0',
  PRIMARY KEY (`id`),
  UNIQUE KEY `craft_sections_i18n_sectionId_locale_unq_idx` (`sectionId`,`locale`),
  KEY `craft_sections_i18n_locale_fk` (`locale`)
) ENGINE=InnoDB AUTO_INCREMENT=6 DEFAULT CHARSET=utf8 COLLATE=utf8_unicode_ci;

--
-- Data for table `craft_sections_i18n`
--

INSERT INTO `craft_sections_i18n` (`id`, `sectionId`, `locale`, `enabledByDefault`, `urlFormat`, `nestedUrlFormat`, `dateCreated`, `dateUpdated`, `uid`) VALUES
 ('1', '1', 'en_us', '1', '__home__', NULL, '2017-02-28 16:39:53', '2017-02-28 16:39:53', '276d5e62-84cf-4a6b-bfea-c562f8e8004b'),
 ('3', '3', 'en_us', '1', NULL, NULL, '2017-03-01 14:51:23', '2017-03-01 14:51:23', '742da390-abae-418b-a0a9-5b684ac914ed'),
 ('4', '4', 'en_us', '1', 'events/{slug}', NULL, '2017-03-01 14:51:43', '2017-03-01 14:51:43', '6ad6417c-9dae-4527-871e-7cd922a1dcf6'),
 ('5', '5', 'en_us', '1', NULL, NULL, '2017-03-01 14:51:59', '2017-03-01 14:51:59', 'aceaa046-a40c-41c9-80ba-ddacca18983d');



DROP TABLE IF EXISTS `craft_sessions`;


--
-- Schema for table `craft_sessions`
--
CREATE TABLE `craft_sessions` (
  `id` int(11) NOT NULL AUTO_INCREMENT,
  `userId` int(11) NOT NULL,
  `token` char(100) COLLATE utf8_unicode_ci NOT NULL,
  `dateCreated` datetime NOT NULL,
  `dateUpdated` datetime NOT NULL,
  `uid` char(36) COLLATE utf8_unicode_ci NOT NULL DEFAULT '0',
  PRIMARY KEY (`id`),
  KEY `craft_sessions_uid_idx` (`uid`),
  KEY `craft_sessions_token_idx` (`token`),
  KEY `craft_sessions_dateUpdated_idx` (`dateUpdated`),
  KEY `craft_sessions_userId_fk` (`userId`)
) ENGINE=InnoDB AUTO_INCREMENT=36 DEFAULT CHARSET=utf8 COLLATE=utf8_unicode_ci;

DROP TABLE IF EXISTS `craft_shunnedmessages`;


--
-- Schema for table `craft_shunnedmessages`
--
CREATE TABLE `craft_shunnedmessages` (
  `id` int(11) NOT NULL AUTO_INCREMENT,
  `userId` int(11) NOT NULL,
  `message` varchar(255) COLLATE utf8_unicode_ci NOT NULL,
  `expiryDate` datetime DEFAULT NULL,
  `dateCreated` datetime NOT NULL,
  `dateUpdated` datetime NOT NULL,
  `uid` char(36) COLLATE utf8_unicode_ci NOT NULL DEFAULT '0',
  PRIMARY KEY (`id`),
  UNIQUE KEY `craft_shunnedmessages_userId_message_unq_idx` (`userId`,`message`)
) ENGINE=InnoDB DEFAULT CHARSET=utf8 COLLATE=utf8_unicode_ci;

DROP TABLE IF EXISTS `craft_structureelements`;


--
-- Schema for table `craft_structureelements`
--
CREATE TABLE `craft_structureelements` (
  `id` int(11) NOT NULL AUTO_INCREMENT,
  `structureId` int(11) NOT NULL,
  `elementId` int(11) DEFAULT NULL,
  `root` int(11) unsigned DEFAULT NULL,
  `lft` int(11) unsigned NOT NULL,
  `rgt` int(11) unsigned NOT NULL,
  `level` smallint(6) unsigned NOT NULL,
  `dateCreated` datetime NOT NULL,
  `dateUpdated` datetime NOT NULL,
  `uid` char(36) COLLATE utf8_unicode_ci NOT NULL DEFAULT '0',
  PRIMARY KEY (`id`),
  UNIQUE KEY `craft_structureelements_structureId_elementId_unq_idx` (`structureId`,`elementId`),
  KEY `craft_structureelements_root_idx` (`root`),
  KEY `craft_structureelements_lft_idx` (`lft`),
  KEY `craft_structureelements_rgt_idx` (`rgt`),
  KEY `craft_structureelements_level_idx` (`level`),
  KEY `craft_structureelements_elementId_fk` (`elementId`)
) ENGINE=InnoDB AUTO_INCREMENT=13 DEFAULT CHARSET=utf8 COLLATE=utf8_unicode_ci;

--
-- Data for table `craft_structureelements`
--

INSERT INTO `craft_structureelements` (`id`, `structureId`, `elementId`, `root`, `lft`, `rgt`, `level`, `dateCreated`, `dateUpdated`, `uid`) VALUES
 ('1', '1', NULL, '1', '1', '8', '0', '2017-03-01 15:00:43', '2017-03-01 15:00:43', 'b2d151aa-0a4e-4e4e-a8db-9cbfd96c6eb0'),
 ('2', '1', '22', '1', '2', '3', '1', '2017-03-01 15:00:43', '2017-03-01 15:00:43', 'ec2effb3-1e98-4540-8ab7-75e2e0b4d02e'),
 ('3', '1', '23', '1', '6', '7', '1', '2017-03-01 15:01:05', '2017-03-01 15:01:05', 'ce9d4ef7-8d9d-4bfd-a14e-851034f7d36e'),
 ('4', '1', '24', '1', '4', '5', '1', '2017-03-01 15:01:25', '2017-03-01 15:01:25', '3ab53056-55f1-48ef-b75d-3b8036878602'),
 ('5', '2', NULL, '5', '1', '16', '0', '2017-03-01 15:02:14', '2017-03-01 15:02:14', 'ebd8c975-c5da-4083-93ea-87a0a93f23bf'),
 ('6', '2', '25', '5', '2', '3', '1', '2017-03-01 15:02:14', '2017-03-01 15:02:14', 'a2a24b1c-16bb-4a39-be32-7e5b304fd298'),
 ('7', '2', '26', '5', '4', '5', '1', '2017-03-01 15:03:02', '2017-03-01 15:03:02', 'add73d60-c1b7-49c4-bce3-c44288e9eee0'),
 ('8', '2', '27', '5', '6', '7', '1', '2017-03-01 15:03:59', '2017-03-01 15:03:59', '2ca9e113-e00e-468b-b83d-fef15169a63b'),
 ('9', '2', '28', '5', '8', '9', '1', '2017-03-01 15:05:26', '2017-03-01 15:05:26', 'f34f1293-f439-4061-9728-1ca986a648a8'),
 ('10', '2', '29', '5', '10', '11', '1', '2017-03-01 15:10:32', '2017-03-01 15:10:32', '7862c006-72aa-4927-a02b-cc5f5ff9f882'),
 ('11', '2', '30', '5', '12', '13', '1', '2017-03-01 15:10:41', '2017-03-01 15:10:41', '09f43ead-4542-4107-94ba-743b22c43792'),
 ('12', '2', '31', '5', '14', '15', '1', '2017-03-01 15:10:53', '2017-03-01 15:10:53', 'c3ee9a9e-9566-4c3e-a800-a1eaebc6d1e1');



DROP TABLE IF EXISTS `craft_structures`;


--
-- Schema for table `craft_structures`
--
CREATE TABLE `craft_structures` (
  `id` int(11) NOT NULL AUTO_INCREMENT,
  `maxLevels` smallint(6) unsigned DEFAULT NULL,
  `dateCreated` datetime NOT NULL,
  `dateUpdated` datetime NOT NULL,
  `uid` char(36) COLLATE utf8_unicode_ci NOT NULL DEFAULT '0',
  PRIMARY KEY (`id`)
) ENGINE=InnoDB AUTO_INCREMENT=3 DEFAULT CHARSET=utf8 COLLATE=utf8_unicode_ci;

--
-- Data for table `craft_structures`
--

INSERT INTO `craft_structures` (`id`, `maxLevels`, `dateCreated`, `dateUpdated`, `uid`) VALUES
 ('1', NULL, '2017-03-01 15:00:08', '2017-03-01 15:00:08', '1185a0fd-8a71-4172-b911-3b889f631f28'),
 ('2', NULL, '2017-03-01 15:00:22', '2017-03-01 15:00:22', 'd61cd13d-7922-4718-ba98-482f64feca4f');



DROP TABLE IF EXISTS `craft_systemsettings`;


--
-- Schema for table `craft_systemsettings`
--
CREATE TABLE `craft_systemsettings` (
  `id` int(11) NOT NULL AUTO_INCREMENT,
  `category` varchar(15) COLLATE utf8_unicode_ci NOT NULL,
  `settings` text COLLATE utf8_unicode_ci,
  `dateCreated` datetime NOT NULL,
  `dateUpdated` datetime NOT NULL,
  `uid` char(36) COLLATE utf8_unicode_ci NOT NULL DEFAULT '0',
  PRIMARY KEY (`id`),
  UNIQUE KEY `craft_systemsettings_category_unq_idx` (`category`)
) ENGINE=InnoDB AUTO_INCREMENT=2 DEFAULT CHARSET=utf8 COLLATE=utf8_unicode_ci;

--
-- Data for table `craft_systemsettings`
--

INSERT INTO `craft_systemsettings` (`id`, `category`, `settings`, `dateCreated`, `dateUpdated`, `uid`) VALUES
 ('1', 'email', '{\"protocol\":\"php\",\"emailAddress\":\"j.e.hunter@icloud.com\",\"senderName\":\"Puyallup Stake Youth\"}', '2017-02-28 16:39:53', '2017-02-28 16:39:53', 'f2e1846d-a79f-454b-81bd-e8d4931ec34c');



DROP TABLE IF EXISTS `craft_taggroups`;


--
-- Schema for table `craft_taggroups`
--
CREATE TABLE `craft_taggroups` (
  `id` int(11) NOT NULL AUTO_INCREMENT,
  `name` varchar(255) COLLATE utf8_unicode_ci NOT NULL,
  `handle` varchar(255) COLLATE utf8_unicode_ci NOT NULL,
  `fieldLayoutId` int(10) DEFAULT NULL,
  `dateCreated` datetime NOT NULL,
  `dateUpdated` datetime NOT NULL,
  `uid` char(36) COLLATE utf8_unicode_ci NOT NULL DEFAULT '0',
  PRIMARY KEY (`id`),
  UNIQUE KEY `craft_taggroups_name_unq_idx` (`name`),
  UNIQUE KEY `craft_taggroups_handle_unq_idx` (`handle`),
  KEY `craft_taggroups_fieldLayoutId_fk` (`fieldLayoutId`)
) ENGINE=InnoDB AUTO_INCREMENT=2 DEFAULT CHARSET=utf8 COLLATE=utf8_unicode_ci;

--
-- Data for table `craft_taggroups`
--

INSERT INTO `craft_taggroups` (`id`, `name`, `handle`, `fieldLayoutId`, `dateCreated`, `dateUpdated`, `uid`) VALUES
 ('1', 'Default', 'default', '1', '2017-02-28 16:39:53', '2017-02-28 16:39:53', '78737106-0268-46c6-b916-b554c6ef282b');



DROP TABLE IF EXISTS `craft_tags`;


--
-- Schema for table `craft_tags`
--
CREATE TABLE `craft_tags` (
  `id` int(11) NOT NULL,
  `groupId` int(11) NOT NULL,
  `dateCreated` datetime NOT NULL,
  `dateUpdated` datetime NOT NULL,
  `uid` char(36) COLLATE utf8_unicode_ci NOT NULL DEFAULT '0',
  PRIMARY KEY (`id`),
  KEY `craft_tags_groupId_fk` (`groupId`)
) ENGINE=InnoDB DEFAULT CHARSET=utf8 COLLATE=utf8_unicode_ci;

DROP TABLE IF EXISTS `craft_tasks`;


--
-- Schema for table `craft_tasks`
--
CREATE TABLE `craft_tasks` (
  `id` int(11) NOT NULL AUTO_INCREMENT,
  `root` int(11) unsigned DEFAULT NULL,
  `lft` int(11) unsigned NOT NULL,
  `rgt` int(11) unsigned NOT NULL,
  `level` smallint(6) unsigned NOT NULL,
  `currentStep` int(11) unsigned DEFAULT NULL,
  `totalSteps` int(11) unsigned DEFAULT NULL,
  `status` enum('pending','error','running') COLLATE utf8_unicode_ci DEFAULT NULL,
  `type` varchar(150) COLLATE utf8_unicode_ci NOT NULL,
  `description` varchar(255) COLLATE utf8_unicode_ci DEFAULT NULL,
  `settings` mediumtext COLLATE utf8_unicode_ci,
  `dateCreated` datetime NOT NULL,
  `dateUpdated` datetime NOT NULL,
  `uid` char(36) COLLATE utf8_unicode_ci NOT NULL DEFAULT '0',
  PRIMARY KEY (`id`),
  KEY `craft_tasks_root_idx` (`root`),
  KEY `craft_tasks_lft_idx` (`lft`),
  KEY `craft_tasks_rgt_idx` (`rgt`),
  KEY `craft_tasks_level_idx` (`level`)
) ENGINE=InnoDB AUTO_INCREMENT=7 DEFAULT CHARSET=utf8 COLLATE=utf8_unicode_ci;

DROP TABLE IF EXISTS `craft_templatecachecriteria`;


--
-- Schema for table `craft_templatecachecriteria`
--
CREATE TABLE `craft_templatecachecriteria` (
  `id` int(11) NOT NULL AUTO_INCREMENT,
  `cacheId` int(11) NOT NULL,
  `type` varchar(150) COLLATE utf8_unicode_ci NOT NULL,
  `criteria` text COLLATE utf8_unicode_ci NOT NULL,
  PRIMARY KEY (`id`),
  KEY `craft_templatecachecriteria_cacheId_fk` (`cacheId`),
  KEY `craft_templatecachecriteria_type_idx` (`type`)
) ENGINE=InnoDB DEFAULT CHARSET=utf8 COLLATE=utf8_unicode_ci;

DROP TABLE IF EXISTS `craft_templatecacheelements`;


--
-- Schema for table `craft_templatecacheelements`
--
CREATE TABLE `craft_templatecacheelements` (
  `cacheId` int(11) NOT NULL,
  `elementId` int(11) NOT NULL,
  KEY `craft_templatecacheelements_cacheId_fk` (`cacheId`),
  KEY `craft_templatecacheelements_elementId_fk` (`elementId`)
) ENGINE=InnoDB DEFAULT CHARSET=utf8 COLLATE=utf8_unicode_ci;

DROP TABLE IF EXISTS `craft_templatecaches`;


--
-- Schema for table `craft_templatecaches`
--
CREATE TABLE `craft_templatecaches` (
  `id` int(11) NOT NULL AUTO_INCREMENT,
  `cacheKey` varchar(255) COLLATE utf8_unicode_ci NOT NULL,
  `locale` char(12) COLLATE utf8_unicode_ci NOT NULL,
  `path` varchar(255) COLLATE utf8_unicode_ci DEFAULT NULL,
  `expiryDate` datetime NOT NULL,
  `body` mediumtext COLLATE utf8_unicode_ci NOT NULL,
  PRIMARY KEY (`id`),
  KEY `craft_templatecaches_expiryDate_cacheKey_locale_path_idx` (`expiryDate`,`cacheKey`,`locale`,`path`),
  KEY `craft_templatecaches_locale_fk` (`locale`)
) ENGINE=InnoDB DEFAULT CHARSET=utf8 COLLATE=utf8_unicode_ci;

DROP TABLE IF EXISTS `craft_tokens`;


--
-- Schema for table `craft_tokens`
--
CREATE TABLE `craft_tokens` (
  `id` int(11) NOT NULL AUTO_INCREMENT,
  `token` char(32) COLLATE utf8_unicode_ci NOT NULL,
  `route` text COLLATE utf8_unicode_ci,
  `usageLimit` tinyint(3) unsigned DEFAULT NULL,
  `usageCount` tinyint(3) unsigned DEFAULT NULL,
  `expiryDate` datetime NOT NULL,
  `dateCreated` datetime NOT NULL,
  `dateUpdated` datetime NOT NULL,
  `uid` char(36) COLLATE utf8_unicode_ci NOT NULL DEFAULT '0',
  PRIMARY KEY (`id`),
  UNIQUE KEY `craft_tokens_token_unq_idx` (`token`),
  KEY `craft_tokens_expiryDate_idx` (`expiryDate`)
) ENGINE=InnoDB DEFAULT CHARSET=utf8 COLLATE=utf8_unicode_ci;

DROP TABLE IF EXISTS `craft_usergroups`;


--
-- Schema for table `craft_usergroups`
--
CREATE TABLE `craft_usergroups` (
  `id` int(11) NOT NULL AUTO_INCREMENT,
  `name` varchar(255) COLLATE utf8_unicode_ci NOT NULL,
  `handle` varchar(255) COLLATE utf8_unicode_ci NOT NULL,
  `dateCreated` datetime NOT NULL,
  `dateUpdated` datetime NOT NULL,
  `uid` char(36) COLLATE utf8_unicode_ci NOT NULL DEFAULT '0',
  PRIMARY KEY (`id`),
  UNIQUE KEY `craft_usergroups_name_unq_idx` (`name`),
  UNIQUE KEY `craft_usergroups_handle_unq_idx` (`handle`)
) ENGINE=InnoDB DEFAULT CHARSET=utf8 COLLATE=utf8_unicode_ci;

DROP TABLE IF EXISTS `craft_usergroups_users`;


--
-- Schema for table `craft_usergroups_users`
--
CREATE TABLE `craft_usergroups_users` (
  `id` int(11) NOT NULL AUTO_INCREMENT,
  `groupId` int(11) NOT NULL,
  `userId` int(11) NOT NULL,
  `dateCreated` datetime NOT NULL,
  `dateUpdated` datetime NOT NULL,
  `uid` char(36) COLLATE utf8_unicode_ci NOT NULL DEFAULT '0',
  PRIMARY KEY (`id`),
  UNIQUE KEY `craft_usergroups_users_groupId_userId_unq_idx` (`groupId`,`userId`),
  KEY `craft_usergroups_users_userId_fk` (`userId`)
) ENGINE=InnoDB DEFAULT CHARSET=utf8 COLLATE=utf8_unicode_ci;

DROP TABLE IF EXISTS `craft_userpermissions`;


--
-- Schema for table `craft_userpermissions`
--
CREATE TABLE `craft_userpermissions` (
  `id` int(11) NOT NULL AUTO_INCREMENT,
  `name` varchar(255) COLLATE utf8_unicode_ci NOT NULL,
  `dateCreated` datetime NOT NULL,
  `dateUpdated` datetime NOT NULL,
  `uid` char(36) COLLATE utf8_unicode_ci NOT NULL DEFAULT '0',
  PRIMARY KEY (`id`),
  UNIQUE KEY `craft_userpermissions_name_unq_idx` (`name`)
) ENGINE=InnoDB DEFAULT CHARSET=utf8 COLLATE=utf8_unicode_ci;

DROP TABLE IF EXISTS `craft_userpermissions_usergroups`;


--
-- Schema for table `craft_userpermissions_usergroups`
--
CREATE TABLE `craft_userpermissions_usergroups` (
  `id` int(11) NOT NULL AUTO_INCREMENT,
  `permissionId` int(11) NOT NULL,
  `groupId` int(11) NOT NULL,
  `dateCreated` datetime NOT NULL,
  `dateUpdated` datetime NOT NULL,
  `uid` char(36) COLLATE utf8_unicode_ci NOT NULL DEFAULT '0',
  PRIMARY KEY (`id`),
  UNIQUE KEY `craft_userpermissions_usergroups_permissionId_groupId_unq_idx` (`permissionId`,`groupId`),
  KEY `craft_userpermissions_usergroups_groupId_fk` (`groupId`)
) ENGINE=InnoDB DEFAULT CHARSET=utf8 COLLATE=utf8_unicode_ci;

DROP TABLE IF EXISTS `craft_userpermissions_users`;


--
-- Schema for table `craft_userpermissions_users`
--
CREATE TABLE `craft_userpermissions_users` (
  `id` int(11) NOT NULL AUTO_INCREMENT,
  `permissionId` int(11) NOT NULL,
  `userId` int(11) NOT NULL,
  `dateCreated` datetime NOT NULL,
  `dateUpdated` datetime NOT NULL,
  `uid` char(36) COLLATE utf8_unicode_ci NOT NULL DEFAULT '0',
  PRIMARY KEY (`id`),
  UNIQUE KEY `craft_userpermissions_users_permissionId_userId_unq_idx` (`permissionId`,`userId`),
  KEY `craft_userpermissions_users_userId_fk` (`userId`)
) ENGINE=InnoDB DEFAULT CHARSET=utf8 COLLATE=utf8_unicode_ci;

DROP TABLE IF EXISTS `craft_users`;


--
-- Schema for table `craft_users`
--
CREATE TABLE `craft_users` (
  `id` int(11) NOT NULL,
  `username` varchar(100) COLLATE utf8_unicode_ci NOT NULL,
  `photo` varchar(100) COLLATE utf8_unicode_ci DEFAULT NULL,
  `firstName` varchar(100) COLLATE utf8_unicode_ci DEFAULT NULL,
  `lastName` varchar(100) COLLATE utf8_unicode_ci DEFAULT NULL,
  `email` varchar(255) COLLATE utf8_unicode_ci NOT NULL,
  `password` char(255) COLLATE utf8_unicode_ci DEFAULT NULL,
  `preferredLocale` char(12) COLLATE utf8_unicode_ci DEFAULT NULL,
  `weekStartDay` tinyint(1) unsigned NOT NULL DEFAULT '0',
  `admin` tinyint(1) unsigned NOT NULL DEFAULT '0',
  `client` tinyint(1) unsigned NOT NULL DEFAULT '0',
  `locked` tinyint(1) unsigned NOT NULL DEFAULT '0',
  `suspended` tinyint(1) unsigned NOT NULL DEFAULT '0',
  `pending` tinyint(1) unsigned NOT NULL DEFAULT '0',
  `archived` tinyint(1) unsigned NOT NULL DEFAULT '0',
  `lastLoginDate` datetime DEFAULT NULL,
  `lastLoginAttemptIPAddress` varchar(45) COLLATE utf8_unicode_ci DEFAULT NULL,
  `invalidLoginWindowStart` datetime DEFAULT NULL,
  `invalidLoginCount` tinyint(4) unsigned DEFAULT NULL,
  `lastInvalidLoginDate` datetime DEFAULT NULL,
  `lockoutDate` datetime DEFAULT NULL,
  `verificationCode` char(100) COLLATE utf8_unicode_ci DEFAULT NULL,
  `verificationCodeIssuedDate` datetime DEFAULT NULL,
  `unverifiedEmail` varchar(255) COLLATE utf8_unicode_ci DEFAULT NULL,
  `passwordResetRequired` tinyint(1) unsigned NOT NULL DEFAULT '0',
  `lastPasswordChangeDate` datetime DEFAULT NULL,
  `dateCreated` datetime NOT NULL,
  `dateUpdated` datetime NOT NULL,
  `uid` char(36) COLLATE utf8_unicode_ci NOT NULL DEFAULT '0',
  PRIMARY KEY (`id`),
  UNIQUE KEY `craft_users_username_unq_idx` (`username`),
  UNIQUE KEY `craft_users_email_unq_idx` (`email`),
  KEY `craft_users_verificationCode_idx` (`verificationCode`),
  KEY `craft_users_uid_idx` (`uid`),
  KEY `craft_users_preferredLocale_fk` (`preferredLocale`)
) ENGINE=InnoDB DEFAULT CHARSET=utf8 COLLATE=utf8_unicode_ci;

--
-- Data for table `craft_users`
--

INSERT INTO `craft_users` (`id`, `username`, `photo`, `firstName`, `lastName`, `email`, `password`, `preferredLocale`, `weekStartDay`, `admin`, `client`, `locked`, `suspended`, `pending`, `archived`, `lastLoginDate`, `lastLoginAttemptIPAddress`, `invalidLoginWindowStart`, `invalidLoginCount`, `lastInvalidLoginDate`, `lockoutDate`, `verificationCode`, `verificationCodeIssuedDate`, `unverifiedEmail`, `passwordResetRequired`, `lastPasswordChangeDate`, `dateCreated`, `dateUpdated`, `uid`) VALUES
 ('1', 'Admin', NULL, NULL, NULL, 'j.e.hunter@icloud.com', '$2y$13$5Dp6rt7hNONTJiE/06zoA.1ZFi0LCOGSnKzZ503jxYdPwe4q.Aw5e', NULL, '0', '1', '0', '0', '0', '0', '0', '2017-04-12 22:33:32', '166.211.237.170', NULL, NULL, '2017-03-06 02:18:40', NULL, NULL, NULL, NULL, '0', '2017-02-28 16:39:51', '2017-02-28 16:39:51', '2017-04-12 22:33:32', '341d36fb-cb0f-4bc8-a601-6ef483d16b89');



DROP TABLE IF EXISTS `craft_widgets`;


--
-- Schema for table `craft_widgets`
--
CREATE TABLE `craft_widgets` (
  `id` int(11) NOT NULL AUTO_INCREMENT,
  `userId` int(11) NOT NULL,
  `type` varchar(150) COLLATE utf8_unicode_ci NOT NULL,
  `sortOrder` smallint(6) unsigned DEFAULT NULL,
  `colspan` tinyint(4) unsigned DEFAULT NULL,
  `settings` text COLLATE utf8_unicode_ci,
  `enabled` tinyint(1) unsigned NOT NULL DEFAULT '1',
  `dateCreated` datetime NOT NULL,
  `dateUpdated` datetime NOT NULL,
  `uid` char(36) COLLATE utf8_unicode_ci NOT NULL DEFAULT '0',
  PRIMARY KEY (`id`),
  KEY `craft_widgets_userId_fk` (`userId`)
) ENGINE=InnoDB AUTO_INCREMENT=5 DEFAULT CHARSET=utf8 COLLATE=utf8_unicode_ci;

--
-- Data for table `craft_widgets`
--

INSERT INTO `craft_widgets` (`id`, `userId`, `type`, `sortOrder`, `colspan`, `settings`, `enabled`, `dateCreated`, `dateUpdated`, `uid`) VALUES
 ('1', '1', 'RecentEntries', '1', NULL, NULL, '1', '2017-02-28 16:39:55', '2017-02-28 16:39:55', '22fc7576-2b21-496d-ab77-1b64eab4ae6d'),
 ('2', '1', 'GetHelp', '2', NULL, NULL, '1', '2017-02-28 16:39:55', '2017-02-28 16:39:55', '7201f427-6969-4562-8600-f2ec17f12bf7'),
 ('3', '1', 'Updates', '3', NULL, NULL, '1', '2017-02-28 16:39:55', '2017-02-28 16:39:55', 'c6fe3967-b5e7-4a61-a187-c3a54e48e7e9'),
 ('4', '1', 'Feed', '4', NULL, '{\"url\":\"https:\\/\\/craftcms.com\\/news.rss\",\"title\":\"Craft News\"}', '1', '2017-02-28 16:39:55', '2017-02-28 16:39:55', '80bdff91-728d-4c68-9e45-36ee6f1d4ec7');


--
-- Constraints for tables
--


--
-- Constraints for table `craft_assetfiles`
--
ALTER TABLE `craft_assetfiles`
	ADD CONSTRAINT `craft_assetfiles_folderId_fk` FOREIGN KEY (`folderId`) REFERENCES `craft_assetfolders` (`id`) ON DELETE CASCADE,
	ADD CONSTRAINT `craft_assetfiles_id_fk` FOREIGN KEY (`id`) REFERENCES `craft_elements` (`id`) ON DELETE CASCADE,
	ADD CONSTRAINT `craft_assetfiles_sourceId_fk` FOREIGN KEY (`sourceId`) REFERENCES `craft_assetsources` (`id`) ON DELETE CASCADE;

--
-- Constraints for table `craft_assetfolders`
--
ALTER TABLE `craft_assetfolders`
	ADD CONSTRAINT `craft_assetfolders_parentId_fk` FOREIGN KEY (`parentId`) REFERENCES `craft_assetfolders` (`id`) ON DELETE CASCADE,
	ADD CONSTRAINT `craft_assetfolders_sourceId_fk` FOREIGN KEY (`sourceId`) REFERENCES `craft_assetsources` (`id`) ON DELETE CASCADE;

--
-- Constraints for table `craft_assetindexdata`
--
ALTER TABLE `craft_assetindexdata`
	ADD CONSTRAINT `craft_assetindexdata_sourceId_fk` FOREIGN KEY (`sourceId`) REFERENCES `craft_assetsources` (`id`) ON DELETE CASCADE;

--
-- Constraints for table `craft_assetsources`
--
ALTER TABLE `craft_assetsources`
	ADD CONSTRAINT `craft_assetsources_fieldLayoutId_fk` FOREIGN KEY (`fieldLayoutId`) REFERENCES `craft_fieldlayouts` (`id`) ON DELETE SET NULL;

--
-- Constraints for table `craft_categories`
--
ALTER TABLE `craft_categories`
	ADD CONSTRAINT `craft_categories_groupId_fk` FOREIGN KEY (`groupId`) REFERENCES `craft_categorygroups` (`id`) ON DELETE CASCADE,
	ADD CONSTRAINT `craft_categories_id_fk` FOREIGN KEY (`id`) REFERENCES `craft_elements` (`id`) ON DELETE CASCADE;

--
-- Constraints for table `craft_categorygroups`
--
ALTER TABLE `craft_categorygroups`
	ADD CONSTRAINT `craft_categorygroups_fieldLayoutId_fk` FOREIGN KEY (`fieldLayoutId`) REFERENCES `craft_fieldlayouts` (`id`) ON DELETE SET NULL,
	ADD CONSTRAINT `craft_categorygroups_structureId_fk` FOREIGN KEY (`structureId`) REFERENCES `craft_structures` (`id`) ON DELETE CASCADE;

--
-- Constraints for table `craft_categorygroups_i18n`
--
ALTER TABLE `craft_categorygroups_i18n`
	ADD CONSTRAINT `craft_categorygroups_i18n_groupId_fk` FOREIGN KEY (`groupId`) REFERENCES `craft_categorygroups` (`id`) ON DELETE CASCADE,
	ADD CONSTRAINT `craft_categorygroups_i18n_locale_fk` FOREIGN KEY (`locale`) REFERENCES `craft_locales` (`locale`) ON DELETE CASCADE ON UPDATE CASCADE;

--
-- Constraints for table `craft_content`
--
ALTER TABLE `craft_content`
	ADD CONSTRAINT `craft_content_elementId_fk` FOREIGN KEY (`elementId`) REFERENCES `craft_elements` (`id`) ON DELETE CASCADE,
	ADD CONSTRAINT `craft_content_locale_fk` FOREIGN KEY (`locale`) REFERENCES `craft_locales` (`locale`) ON DELETE CASCADE ON UPDATE CASCADE;

--
-- Constraints for table `craft_elements_i18n`
--
ALTER TABLE `craft_elements_i18n`
	ADD CONSTRAINT `craft_elements_i18n_elementId_fk` FOREIGN KEY (`elementId`) REFERENCES `craft_elements` (`id`) ON DELETE CASCADE,
	ADD CONSTRAINT `craft_elements_i18n_locale_fk` FOREIGN KEY (`locale`) REFERENCES `craft_locales` (`locale`) ON DELETE CASCADE ON UPDATE CASCADE;

--
-- Constraints for table `craft_emailmessages`
--
ALTER TABLE `craft_emailmessages`
	ADD CONSTRAINT `craft_emailmessages_locale_fk` FOREIGN KEY (`locale`) REFERENCES `craft_locales` (`locale`) ON DELETE CASCADE ON UPDATE CASCADE;

--
-- Constraints for table `craft_entries`
--
ALTER TABLE `craft_entries`
	ADD CONSTRAINT `craft_entries_authorId_fk` FOREIGN KEY (`authorId`) REFERENCES `craft_users` (`id`) ON DELETE CASCADE,
	ADD CONSTRAINT `craft_entries_id_fk` FOREIGN KEY (`id`) REFERENCES `craft_elements` (`id`) ON DELETE CASCADE,
	ADD CONSTRAINT `craft_entries_sectionId_fk` FOREIGN KEY (`sectionId`) REFERENCES `craft_sections` (`id`) ON DELETE CASCADE,
	ADD CONSTRAINT `craft_entries_typeId_fk` FOREIGN KEY (`typeId`) REFERENCES `craft_entrytypes` (`id`) ON DELETE CASCADE;

--
-- Constraints for table `craft_entrydrafts`
--
ALTER TABLE `craft_entrydrafts`
	ADD CONSTRAINT `craft_entrydrafts_creatorId_fk` FOREIGN KEY (`creatorId`) REFERENCES `craft_users` (`id`) ON DELETE CASCADE,
	ADD CONSTRAINT `craft_entrydrafts_entryId_fk` FOREIGN KEY (`entryId`) REFERENCES `craft_entries` (`id`) ON DELETE CASCADE,
	ADD CONSTRAINT `craft_entrydrafts_locale_fk` FOREIGN KEY (`locale`) REFERENCES `craft_locales` (`locale`) ON DELETE CASCADE ON UPDATE CASCADE,
	ADD CONSTRAINT `craft_entrydrafts_sectionId_fk` FOREIGN KEY (`sectionId`) REFERENCES `craft_sections` (`id`) ON DELETE CASCADE;

--
-- Constraints for table `craft_entrytypes`
--
ALTER TABLE `craft_entrytypes`
	ADD CONSTRAINT `craft_entrytypes_fieldLayoutId_fk` FOREIGN KEY (`fieldLayoutId`) REFERENCES `craft_fieldlayouts` (`id`) ON DELETE SET NULL,
	ADD CONSTRAINT `craft_entrytypes_sectionId_fk` FOREIGN KEY (`sectionId`) REFERENCES `craft_sections` (`id`) ON DELETE CASCADE;

--
-- Constraints for table `craft_entryversions`
--
ALTER TABLE `craft_entryversions`
	ADD CONSTRAINT `craft_entryversions_creatorId_fk` FOREIGN KEY (`creatorId`) REFERENCES `craft_users` (`id`) ON DELETE SET NULL,
	ADD CONSTRAINT `craft_entryversions_entryId_fk` FOREIGN KEY (`entryId`) REFERENCES `craft_entries` (`id`) ON DELETE CASCADE,
	ADD CONSTRAINT `craft_entryversions_locale_fk` FOREIGN KEY (`locale`) REFERENCES `craft_locales` (`locale`) ON DELETE CASCADE ON UPDATE CASCADE,
	ADD CONSTRAINT `craft_entryversions_sectionId_fk` FOREIGN KEY (`sectionId`) REFERENCES `craft_sections` (`id`) ON DELETE CASCADE;

--
-- Constraints for table `craft_fieldlayoutfields`
--
ALTER TABLE `craft_fieldlayoutfields`
	ADD CONSTRAINT `craft_fieldlayoutfields_fieldId_fk` FOREIGN KEY (`fieldId`) REFERENCES `craft_fields` (`id`) ON DELETE CASCADE,
	ADD CONSTRAINT `craft_fieldlayoutfields_layoutId_fk` FOREIGN KEY (`layoutId`) REFERENCES `craft_fieldlayouts` (`id`) ON DELETE CASCADE,
	ADD CONSTRAINT `craft_fieldlayoutfields_tabId_fk` FOREIGN KEY (`tabId`) REFERENCES `craft_fieldlayouttabs` (`id`) ON DELETE CASCADE;

--
-- Constraints for table `craft_fieldlayouttabs`
--
ALTER TABLE `craft_fieldlayouttabs`
	ADD CONSTRAINT `craft_fieldlayouttabs_layoutId_fk` FOREIGN KEY (`layoutId`) REFERENCES `craft_fieldlayouts` (`id`) ON DELETE CASCADE;

--
-- Constraints for table `craft_fields`
--
ALTER TABLE `craft_fields`
	ADD CONSTRAINT `craft_fields_groupId_fk` FOREIGN KEY (`groupId`) REFERENCES `craft_fieldgroups` (`id`) ON DELETE CASCADE;

--
-- Constraints for table `craft_globalsets`
--
ALTER TABLE `craft_globalsets`
	ADD CONSTRAINT `craft_globalsets_fieldLayoutId_fk` FOREIGN KEY (`fieldLayoutId`) REFERENCES `craft_fieldlayouts` (`id`) ON DELETE SET NULL,
	ADD CONSTRAINT `craft_globalsets_id_fk` FOREIGN KEY (`id`) REFERENCES `craft_elements` (`id`) ON DELETE CASCADE;

--
-- Constraints for table `craft_matrixblocks`
--
ALTER TABLE `craft_matrixblocks`
	ADD CONSTRAINT `craft_matrixblocks_fieldId_fk` FOREIGN KEY (`fieldId`) REFERENCES `craft_fields` (`id`) ON DELETE CASCADE,
	ADD CONSTRAINT `craft_matrixblocks_id_fk` FOREIGN KEY (`id`) REFERENCES `craft_elements` (`id`) ON DELETE CASCADE,
	ADD CONSTRAINT `craft_matrixblocks_ownerId_fk` FOREIGN KEY (`ownerId`) REFERENCES `craft_elements` (`id`) ON DELETE CASCADE,
	ADD CONSTRAINT `craft_matrixblocks_ownerLocale_fk` FOREIGN KEY (`ownerLocale`) REFERENCES `craft_locales` (`locale`) ON DELETE CASCADE ON UPDATE CASCADE,
	ADD CONSTRAINT `craft_matrixblocks_typeId_fk` FOREIGN KEY (`typeId`) REFERENCES `craft_matrixblocktypes` (`id`) ON DELETE CASCADE;

--
-- Constraints for table `craft_matrixblocktypes`
--
ALTER TABLE `craft_matrixblocktypes`
	ADD CONSTRAINT `craft_matrixblocktypes_fieldId_fk` FOREIGN KEY (`fieldId`) REFERENCES `craft_fields` (`id`) ON DELETE CASCADE,
	ADD CONSTRAINT `craft_matrixblocktypes_fieldLayoutId_fk` FOREIGN KEY (`fieldLayoutId`) REFERENCES `craft_fieldlayouts` (`id`) ON DELETE SET NULL;

--
-- Constraints for table `craft_migrations`
--
ALTER TABLE `craft_migrations`
	ADD CONSTRAINT `craft_migrations_pluginId_fk` FOREIGN KEY (`pluginId`) REFERENCES `craft_plugins` (`id`) ON DELETE CASCADE;

--
-- Constraints for table `craft_relations`
--
ALTER TABLE `craft_relations`
	ADD CONSTRAINT `craft_relations_fieldId_fk` FOREIGN KEY (`fieldId`) REFERENCES `craft_fields` (`id`) ON DELETE CASCADE,
	ADD CONSTRAINT `craft_relations_sourceId_fk` FOREIGN KEY (`sourceId`) REFERENCES `craft_elements` (`id`) ON DELETE CASCADE,
	ADD CONSTRAINT `craft_relations_sourceLocale_fk` FOREIGN KEY (`sourceLocale`) REFERENCES `craft_locales` (`locale`) ON DELETE CASCADE ON UPDATE CASCADE,
	ADD CONSTRAINT `craft_relations_targetId_fk` FOREIGN KEY (`targetId`) REFERENCES `craft_elements` (`id`) ON DELETE CASCADE;

--
-- Constraints for table `craft_routes`
--
ALTER TABLE `craft_routes`
	ADD CONSTRAINT `craft_routes_locale_fk` FOREIGN KEY (`locale`) REFERENCES `craft_locales` (`locale`) ON DELETE CASCADE ON UPDATE CASCADE;

--
-- Constraints for table `craft_sections`
--
ALTER TABLE `craft_sections`
	ADD CONSTRAINT `craft_sections_structureId_fk` FOREIGN KEY (`structureId`) REFERENCES `craft_structures` (`id`) ON DELETE SET NULL;

--
-- Constraints for table `craft_sections_i18n`
--
ALTER TABLE `craft_sections_i18n`
	ADD CONSTRAINT `craft_sections_i18n_locale_fk` FOREIGN KEY (`locale`) REFERENCES `craft_locales` (`locale`) ON DELETE CASCADE ON UPDATE CASCADE,
	ADD CONSTRAINT `craft_sections_i18n_sectionId_fk` FOREIGN KEY (`sectionId`) REFERENCES `craft_sections` (`id`) ON DELETE CASCADE;

--
-- Constraints for table `craft_sessions`
--
ALTER TABLE `craft_sessions`
	ADD CONSTRAINT `craft_sessions_userId_fk` FOREIGN KEY (`userId`) REFERENCES `craft_users` (`id`) ON DELETE CASCADE;

--
-- Constraints for table `craft_shunnedmessages`
--
ALTER TABLE `craft_shunnedmessages`
	ADD CONSTRAINT `craft_shunnedmessages_userId_fk` FOREIGN KEY (`userId`) REFERENCES `craft_users` (`id`) ON DELETE CASCADE;

--
-- Constraints for table `craft_structureelements`
--
ALTER TABLE `craft_structureelements`
	ADD CONSTRAINT `craft_structureelements_elementId_fk` FOREIGN KEY (`elementId`) REFERENCES `craft_elements` (`id`) ON DELETE CASCADE,
	ADD CONSTRAINT `craft_structureelements_structureId_fk` FOREIGN KEY (`structureId`) REFERENCES `craft_structures` (`id`) ON DELETE CASCADE;

--
-- Constraints for table `craft_taggroups`
--
ALTER TABLE `craft_taggroups`
	ADD CONSTRAINT `craft_taggroups_fieldLayoutId_fk` FOREIGN KEY (`fieldLayoutId`) REFERENCES `craft_fieldlayouts` (`id`) ON DELETE SET NULL;

--
-- Constraints for table `craft_tags`
--
ALTER TABLE `craft_tags`
	ADD CONSTRAINT `craft_tags_groupId_fk` FOREIGN KEY (`groupId`) REFERENCES `craft_taggroups` (`id`) ON DELETE CASCADE,
	ADD CONSTRAINT `craft_tags_id_fk` FOREIGN KEY (`id`) REFERENCES `craft_elements` (`id`) ON DELETE CASCADE;

--
-- Constraints for table `craft_templatecachecriteria`
--
ALTER TABLE `craft_templatecachecriteria`
	ADD CONSTRAINT `craft_templatecachecriteria_cacheId_fk` FOREIGN KEY (`cacheId`) REFERENCES `craft_templatecaches` (`id`) ON DELETE CASCADE;

--
-- Constraints for table `craft_templatecacheelements`
--
ALTER TABLE `craft_templatecacheelements`
	ADD CONSTRAINT `craft_templatecacheelements_cacheId_fk` FOREIGN KEY (`cacheId`) REFERENCES `craft_templatecaches` (`id`) ON DELETE CASCADE,
	ADD CONSTRAINT `craft_templatecacheelements_elementId_fk` FOREIGN KEY (`elementId`) REFERENCES `craft_elements` (`id`) ON DELETE CASCADE;

--
-- Constraints for table `craft_templatecaches`
--
ALTER TABLE `craft_templatecaches`
	ADD CONSTRAINT `craft_templatecaches_locale_fk` FOREIGN KEY (`locale`) REFERENCES `craft_locales` (`locale`) ON DELETE CASCADE ON UPDATE CASCADE;

--
-- Constraints for table `craft_usergroups_users`
--
ALTER TABLE `craft_usergroups_users`
	ADD CONSTRAINT `craft_usergroups_users_groupId_fk` FOREIGN KEY (`groupId`) REFERENCES `craft_usergroups` (`id`) ON DELETE CASCADE,
	ADD CONSTRAINT `craft_usergroups_users_userId_fk` FOREIGN KEY (`userId`) REFERENCES `craft_users` (`id`) ON DELETE CASCADE;

--
-- Constraints for table `craft_userpermissions_usergroups`
--
ALTER TABLE `craft_userpermissions_usergroups`
	ADD CONSTRAINT `craft_userpermissions_usergroups_groupId_fk` FOREIGN KEY (`groupId`) REFERENCES `craft_usergroups` (`id`) ON DELETE CASCADE,
	ADD CONSTRAINT `craft_userpermissions_usergroups_permissionId_fk` FOREIGN KEY (`permissionId`) REFERENCES `craft_userpermissions` (`id`) ON DELETE CASCADE;

--
-- Constraints for table `craft_userpermissions_users`
--
ALTER TABLE `craft_userpermissions_users`
	ADD CONSTRAINT `craft_userpermissions_users_permissionId_fk` FOREIGN KEY (`permissionId`) REFERENCES `craft_userpermissions` (`id`) ON DELETE CASCADE,
	ADD CONSTRAINT `craft_userpermissions_users_userId_fk` FOREIGN KEY (`userId`) REFERENCES `craft_users` (`id`) ON DELETE CASCADE;

--
-- Constraints for table `craft_users`
--
ALTER TABLE `craft_users`
	ADD CONSTRAINT `craft_users_id_fk` FOREIGN KEY (`id`) REFERENCES `craft_elements` (`id`) ON DELETE CASCADE,
	ADD CONSTRAINT `craft_users_preferredLocale_fk` FOREIGN KEY (`preferredLocale`) REFERENCES `craft_locales` (`locale`) ON DELETE SET NULL ON UPDATE CASCADE;

--
-- Constraints for table `craft_widgets`
--
ALTER TABLE `craft_widgets`
	ADD CONSTRAINT `craft_widgets_userId_fk` FOREIGN KEY (`userId`) REFERENCES `craft_users` (`id`) ON DELETE CASCADE;

SET FOREIGN_KEY_CHECKS = 1;
